driver_id,month,prob_xgb,y_true,prob_catboost,prob_hgb,prob_extratrees,ensemble_mean,ensemble_max,has_critical_alert,alert_source
DRV00066,2024-08-01,0.9971656,1,0.9974010167769742,0.9953219842758504,0.8806289871018315,0.967629397038664,0.9974010167769742,1,"xgb, catboost, hgb"
DRV00100,2024-07-01,0.99692196,1,0.9973173722464536,0.997667545524547,0.8741988566414276,0.966526433603107,0.997667545524547,1,"xgb, catboost, hgb"
DRV00094,2024-05-01,0.9986376,1,0.9996375751986954,0.9932303447126948,0.8719759178553708,0.9658703594416903,0.9996375751986954,1,"xgb, catboost, hgb"
DRV00101,2024-06-01,0.99891675,1,0.998977884584667,0.9972542493813128,0.865653867279305,0.9652006878113213,0.998977884584667,1,"xgb, catboost, hgb"
DRV00119,2024-05-01,0.99946314,1,0.9994604149526704,0.9965383425402844,0.8548082712597813,0.9625675421881841,0.99946314,1,"xgb, catboost, hgb"
DRV00051,2024-08-01,0.9972162,1,0.9991980605690022,0.9966080711382128,0.8502858179276042,0.9608270374087048,0.9991980605690022,1,"xgb, catboost, hgb"
DRV00070,2024-04-01,0.98561674,1,0.996581270597066,0.9903981259517344,0.8683001832433302,0.9602240799480327,0.996581270597066,1,"xgb, catboost, hgb"
DRV00074,2024-05-01,0.99685436,1,0.9968284659778924,0.9948810411612908,0.8460900938430351,0.9586634902455546,0.99685436,1,"xgb, catboost, hgb"
DRV00060,2024-08-01,0.99415225,1,0.9935079520566116,0.997312301791212,0.8476883815368337,0.9581652213461642,0.997312301791212,1,"xgb, catboost, hgb"
DRV00002,2024-09-01,0.9969283,1,0.9971302246106512,0.99643702537189,0.8384469506895882,0.9572356251680324,0.9971302246106512,1,"xgb, catboost, hgb"
DRV00132,2024-04-01,0.99683005,1,0.9952030623278924,0.9966725827102658,0.8393881802241407,0.9570234688155748,0.99683005,1,"xgb, catboost, hgb"
DRV00088,2024-06-01,0.999041,1,0.9955977864772276,0.9953651155749568,0.8374051819001266,0.9568522709880777,0.999041,1,"xgb, catboost, hgb"
DRV00089,2024-06-01,0.98695034,1,0.991298461286217,0.9885747671829672,0.8599062827683264,0.9566824628093777,0.991298461286217,1,"xgb, catboost, hgb"
DRV00119,2024-06-01,0.99921155,1,0.999447766627746,0.9938572318586398,0.8333256252800527,0.9564605434416096,0.999447766627746,1,"xgb, catboost, hgb"
DRV00003,2024-08-01,0.99839956,1,0.9963123096958164,0.996343881535792,0.8347366074210142,0.9564480896631556,0.99839956,1,"xgb, catboost, hgb"
DRV00038,2024-05-01,0.99632144,1,0.9891822261551976,0.9950277080211164,0.8443841379011089,0.9562288780193557,0.99632144,1,"xgb, catboost, hgb"
DRV00132,2024-07-01,0.99204624,1,0.9884797117519246,0.990556611214647,0.8527909329101286,0.9559683739691751,0.99204624,1,"xgb, catboost, hgb"
DRV00058,2024-07-01,0.9965995,1,0.99729866291513,0.9952453712292968,0.8259177223408829,0.9537653141213274,0.99729866291513,1,"xgb, catboost, hgb"
DRV00129,2024-04-01,0.99850595,1,0.9979633168973752,0.9951728347432562,0.8229500530630139,0.9536480386759114,0.99850595,1,"xgb, catboost, hgb"
DRV00036,2024-09-01,0.99376255,1,0.985299513273914,0.9873718144526344,0.8269221522720731,0.9483390074996554,0.99376255,1,"xgb, catboost, hgb"
DRV00105,2024-04-01,0.98969674,1,0.9970402697603592,0.9915651286434196,0.8143137077904955,0.9481539615485686,0.9970402697603592,1,"xgb, catboost, hgb"
DRV00090,2024-07-01,0.98008806,1,0.9869163316813436,0.9929312186520464,0.8324907576407413,0.9481065919935328,0.9929312186520464,1,"xgb, catboost, hgb"
DRV00018,2024-06-01,0.9980083,1,0.9979754733801836,0.9886895343015024,0.7966889472817832,0.9453405637408673,0.9980083,1,"xgb, catboost, hgb"
DRV00139,2024-06-01,0.9861622,1,0.9695482376574986,0.9848381741722656,0.8342248074763667,0.9436933548265327,0.9861622,1,"xgb, catboost, hgb"
DRV00043,2024-09-01,0.9881754,1,0.9653395953617786,0.9922344901915584,0.8241431024471833,0.94247314700013,0.9922344901915584,1,"xgb, catboost, hgb"
DRV00004,2024-09-01,0.99886525,1,0.9954780735263462,0.9892249213290976,0.775533374852144,0.9397754049268969,0.99886525,1,"xgb, catboost, hgb"
DRV00118,2024-09-01,0.9825669,1,0.9473004787493212,0.9916517119796866,0.8292197177168096,0.9376847021114544,0.9916517119796866,1,"xgb, catboost, hgb"
DRV00133,2024-04-01,0.9940181,1,0.9787628854275728,0.9972533913629508,0.7790690951715743,0.9372758679905245,0.9972533913629508,1,"xgb, catboost, hgb"
DRV00138,2024-09-01,0.97130525,1,0.9586896654081596,0.9846225912892188,0.8004806088925137,0.928774528897473,0.9846225912892188,1,"xgb, catboost, hgb"
DRV00122,2024-06-01,0.98235494,1,0.9091194810874678,0.977734911794186,0.7707357553007004,0.9099862720455885,0.98235494,1,"xgb, catboost, hgb"
DRV00143,2024-05-01,0.9198459,0,0.6479916708560766,0.8223259014997287,0.3917329757872821,0.6954741120357719,0.9198459,1,xgb
DRV00038,2024-07-01,0.42096043,0,0.3546432310525118,0.5638772660182029,0.589008668298662,0.4821223988423442,0.589008668298662,0,
DRV00133,2024-05-01,0.41830528,0,0.2941136187851761,0.395578373096573,0.6932412849712342,0.4503096392132458,0.6932412849712342,0,
DRV00143,2024-07-01,0.6138002,0,0.3772103311781797,0.530787002433465,0.2692424058559701,0.4477599848669037,0.6138002,0,
DRV00002,2024-08-01,0.46577904,1,0.3382209200492914,0.6734156943255152,0.2835069159362553,0.44023064257776545,0.6734156943255152,0,
DRV00011,2024-08-01,0.40799114,0,0.2807874061125711,0.6938437673679898,0.2751673653103104,0.4144474196977178,0.6938437673679898,0,
DRV00010,2024-08-01,0.4014667,0,0.1957698416832284,0.5730448956254666,0.4286841531586156,0.39974139761682764,0.5730448956254666,0,
DRV00038,2024-06-01,0.26370996,0,0.1471535026898151,0.4574576798362916,0.7256187312695955,0.39848496844892556,0.7256187312695955,0,
DRV00113,2024-07-01,0.2502868,0,0.3731050427584181,0.5576883696360939,0.3823406401361027,0.39085521313265364,0.5576883696360939,0,
DRV00098,2024-04-01,0.25251186,0,0.2361010986430442,0.3694038910661025,0.6614279697155546,0.37986120485617536,0.6614279697155546,0,
DRV00057,2024-06-01,0.46717602,0,0.3554173816951688,0.5207808503303716,0.1744865405421626,0.3794651981419257,0.5207808503303716,0,
DRV00002,2024-06-01,0.24412945,0,0.2666356936375159,0.6910237092482568,0.2675612537088741,0.3673375266486617,0.6910237092482568,0,
DRV00141,2024-04-01,0.49216628,0,0.245199104942062,0.4452204102867153,0.2833832076124506,0.366492250710307,0.49216628,0,
DRV00088,2024-07-01,0.13689414,0,0.0625476506504517,0.5925301578125654,0.6566797542998131,0.3621629256907075,0.6566797542998131,0,
DRV00143,2024-04-01,0.2069334,0,0.1629331856611139,0.4202337306210462,0.6174460773585715,0.3518865984101829,0.6174460773585715,0,
DRV00064,2024-04-01,0.32865062,0,0.3779532521089473,0.3931455704677914,0.2915197282740117,0.34781729271268763,0.3931455704677914,0,
DRV00010,2024-06-01,0.36107832,0,0.4374701075090985,0.2535045530775,0.3278490567793016,0.344975509341475,0.4374701075090985,0,
DRV00143,2024-08-01,0.4262303,0,0.1245901990757634,0.539646301592758,0.2794783288413692,0.34248628237747264,0.539646301592758,0,
DRV00143,2024-06-01,0.33845928,0,0.0617471720756005,0.6343153405734656,0.3287423165889379,0.340816027309501,0.6343153405734656,0,
DRV00133,2024-09-01,0.37184417,0,0.2732439832917593,0.4273205167074102,0.2786507030417526,0.33776484326023054,0.4273205167074102,0,
DRV00117,2024-08-01,0.44434282,0,0.2777728650619524,0.2805349436567975,0.315073301957798,0.329430982669137,0.44434282,0,
DRV00056,2024-07-01,0.25326595,0,0.1229818434268274,0.5363469515593605,0.3911853560276133,0.3259450252534503,0.5363469515593605,0,
DRV00094,2024-07-01,0.14233896,0,0.082683314369602,0.4954423945451851,0.5614009116914539,0.3204663951515603,0.5614009116914539,0,
DRV00070,2024-05-01,0.10600221,0,0.0827328704004685,0.3217876967168368,0.7614425400893218,0.31799132930165674,0.7614425400893218,0,
DRV00130,2024-09-01,0.4134683,0,0.206610133770349,0.3905853101715977,0.2522483843251682,0.31572803206677874,0.4134683,0,
DRV00101,2024-08-01,0.19410615,0,0.3204739223835254,0.1651077954913,0.5646601131499916,0.3110869952562043,0.5646601131499916,0,
DRV00098,2024-05-01,0.35267583,0,0.0582447239476675,0.2634195888286618,0.5612470838846372,0.30889680666524166,0.5612470838846372,0,
DRV00088,2024-09-01,0.37272465,0,0.1129635959756742,0.4483341096847649,0.2983256526290247,0.30808700207236595,0.4483341096847649,0,
DRV00070,2024-06-01,0.1440922,0,0.1034931467586953,0.2704220906939298,0.708985246970225,0.3067481711057125,0.708985246970225,0,
DRV00121,2024-07-01,0.42348206,0,0.0818653675686657,0.4361850774094764,0.2639764917494123,0.3013772491818886,0.4361850774094764,0,
DRV00015,2024-07-01,0.28682283,0,0.0915165461733055,0.5424986924721745,0.2844954771104324,0.3013333864389781,0.5424986924721745,0,
DRV00132,2024-05-01,0.020266896,1,0.0500308329482778,0.4061739044684097,0.7122943961356464,0.2971915073880835,0.7122943961356464,0,
DRV00053,2024-07-01,0.19966865,0,0.0944137461175633,0.5340227961388699,0.3505804946960733,0.29467142173812666,0.5340227961388699,0,
DRV00060,2024-05-01,0.13534379,0,0.0844609852978424,0.550131019578897,0.4000644574349848,0.292500063077931,0.550131019578897,0,
DRV00133,2024-06-01,0.1772574,0,0.0756319221691907,0.3157410070799714,0.6003594867951274,0.2922474540110724,0.6003594867951274,0,
DRV00129,2024-07-01,0.30491534,0,0.067113875848654,0.4166896640839069,0.3765675239728287,0.2913216009763474,0.4166896640839069,0,
DRV00062,2024-04-01,0.30674434,0,0.0728659090631204,0.498750773887368,0.2826986661960863,0.2902649222866437,0.498750773887368,0,
DRV00069,2024-05-01,0.30782577,0,0.3831631007987331,0.2279195377458611,0.2319649305559547,0.28771833477513725,0.3831631007987331,0,
DRV00129,2024-05-01,0.10128475,0,0.1325592788177691,0.2687063002995326,0.6452992836256535,0.2869624031857388,0.6452992836256535,0,
DRV00011,2024-04-01,0.1470561,0,0.0777417432027669,0.6165661530217058,0.3057776613384688,0.2867854143907354,0.6165661530217058,0,
DRV00005,2024-06-01,0.2758956,0,0.1618286890601733,0.3758627519592552,0.3139660375054768,0.2818882696312264,0.3758627519592552,0,
DRV00066,2024-09-01,0.08767971,0,0.0135597055932513,0.3746551938950097,0.6505758358504244,0.28161761133467134,0.6505758358504244,0,
DRV00056,2024-05-01,0.15620011,0,0.1205081178491698,0.3928075137439981,0.4246061088456169,0.27353046260969616,0.4246061088456169,0,
DRV00133,2024-08-01,0.23853467,0,0.0923530022059418,0.4249198353714308,0.333906239240559,0.2724284367044829,0.4249198353714308,0,
DRV00101,2024-07-01,0.077964805,0,0.0221333399011711,0.3750231264875238,0.6140148510176737,0.2722840306015921,0.6140148510176737,0,
DRV00118,2024-04-01,0.36221513,0,0.1056790819132719,0.3369178418495445,0.2763042235849136,0.27027906933693246,0.36221513,0,
DRV00121,2024-05-01,0.16565953,0,0.1752640453704045,0.4074661288888075,0.3260287038418362,0.26860460202526204,0.4074661288888075,0,
DRV00129,2024-08-01,0.37033814,0,0.0460549285284035,0.3205860322316911,0.3359160321402664,0.2682237832250902,0.37033814,0,
DRV00063,2024-05-01,0.16873427,0,0.0555798770116073,0.5212584621430791,0.3203008501903231,0.26646836483625236,0.5212584621430791,0,
DRV00121,2024-08-01,0.2659092,0,0.0608544268559637,0.3962211935997163,0.342691508648173,0.2664190822759632,0.3962211935997163,0,
DRV00119,2024-07-01,0.01763635,0,0.1963259926860132,0.1001458918349689,0.7481948860646794,0.26557578014641536,0.7481948860646794,0,
DRV00132,2024-08-01,0.03473409,0,0.021151550700556,0.265550010438702,0.7338272078188344,0.2638157147395231,0.7338272078188344,0,
DRV00090,2024-04-01,0.32670397,0,0.1253784378508098,0.3327836252630879,0.2702432587917459,0.2637773229764109,0.3327836252630879,0,
DRV00105,2024-05-01,0.04539458,0,0.015596258824491,0.3780175709207919,0.6157250328711956,0.2636833606541196,0.6157250328711956,0,
DRV00018,2024-07-01,0.020005703,0,0.0270305255748632,0.3628059893658327,0.6436506037592317,0.2633732054249819,0.6436506037592317,0,
DRV00084,2024-04-01,0.19980274,0,0.0974894236533816,0.496613334890768,0.2591357579254221,0.2632603141173929,0.496613334890768,0,
DRV00051,2024-06-01,0.09896242,1,0.0948832535067021,0.3799387582187633,0.4686339143297405,0.2606045865138015,0.4686339143297405,0,
DRV00097,2024-09-01,0.3126429,0,0.1689914865825814,0.3257566639475328,0.233869645368414,0.26031517397463205,0.3257566639475328,0,
DRV00038,2024-09-01,0.31845376,0,0.1669970210915138,0.2440760555109453,0.3025142563837306,0.2580102732465474,0.31845376,0,
DRV00139,2024-08-01,0.08661437,0,0.1195071359029052,0.1979421272838092,0.6275499369107987,0.25790339252437827,0.6275499369107987,0,
DRV00003,2024-06-01,0.11125516,1,0.014490160233137,0.5964300358001476,0.2945424127920931,0.2541794422063444,0.5964300358001476,0,
DRV00038,2024-04-01,0.19181743,1,0.0552595120251598,0.5122977305424501,0.2560722988116339,0.25386174284481094,0.5122977305424501,0,
DRV00142,2024-08-01,0.5386729,0,0.2059425649976267,0.0737398738361003,0.1929314467956241,0.25282169640733776,0.5386729,0,
DRV00090,2024-06-01,0.12891445,1,0.0535546844772483,0.6045865859811275,0.2210393360106099,0.2520237641172464,0.6045865859811275,0,
DRV00139,2024-07-01,0.06398664,0,0.1534979296506823,0.1350100001177009,0.6472535579831704,0.2499370319378884,0.6472535579831704,0,
DRV00010,2024-04-01,0.24341917,0,0.2248736568374019,0.2433142697135329,0.2867407797252592,0.24958696906904848,0.2867407797252592,0,
DRV00013,2024-07-01,0.31988943,0,0.062519692705898,0.3603979991431121,0.2547791106404375,0.2493965581223619,0.3603979991431121,0,
DRV00114,2024-07-01,0.06617562,0,0.0829912298418387,0.525922178129367,0.3123327692989782,0.246855449317546,0.525922178129367,0,
DRV00143,2024-09-01,0.22896802,0,0.0497429191042313,0.4571816330666046,0.2503575522525949,0.24656253110585769,0.4571816330666046,0,
DRV00097,2024-04-01,0.21814856,0,0.2474575772601247,0.2301916731201454,0.2866896909852492,0.24562187534137983,0.2866896909852492,0,
DRV00051,2024-09-01,0.03813966,0,0.0432058905074462,0.3280614272629359,0.5713109574619993,0.24517948380809534,0.5713109574619993,0,
DRV00041,2024-04-01,0.14384042,0,0.3225049439915917,0.201875611915481,0.3095434433744644,0.24444110482038425,0.3225049439915917,0,
DRV00018,2024-05-01,0.22788943,1,0.1508864630393351,0.348016815268623,0.250394612459913,0.2442968301919678,0.348016815268623,0,
DRV00129,2024-06-01,0.18874511,0,0.0255917386017367,0.1864084005531471,0.5714763768629957,0.24305540650446988,0.5714763768629957,0,
DRV00002,2024-05-01,0.14516008,0,0.0547724629453308,0.5117812734395835,0.2586120328651936,0.24258146231252697,0.5117812734395835,0,
DRV00053,2024-06-01,0.11328708,0,0.0270073019831103,0.5354028572998245,0.292145020936319,0.24196056505481345,0.5354028572998245,0,
DRV00005,2024-05-01,0.30232808,0,0.1125102101018154,0.3294430059506457,0.2231973795050285,0.2418696688893724,0.3294430059506457,0,
DRV00132,2024-09-01,0.019457726,0,0.0045687237529678,0.269249655176914,0.6737280179810442,0.24175103072773152,0.6737280179810442,0,
DRV00105,2024-06-01,0.056226905,0,0.0258798309542116,0.3120720804630255,0.5716848271831101,0.2414659109000868,0.5716848271831101,0,
DRV00125,2024-05-01,0.21084681,0,0.0766610425130916,0.442646947224963,0.2323582429393168,0.24062826066934287,0.442646947224963,0,
DRV00058,2024-05-01,0.08215132,1,0.3711464212313475,0.0803361682214062,0.4266520386824151,0.2400714870337922,0.4266520386824151,0,
DRV00098,2024-06-01,0.102620244,0,0.1234460649018083,0.3054627286453254,0.4228706296513492,0.23859991679962073,0.4228706296513492,0,
DRV00113,2024-04-01,0.056714587,0,0.124533651454968,0.462886745740864,0.301810998519914,0.2364864956789365,0.462886745740864,0,
DRV00060,2024-04-01,0.081683695,0,0.0893192263825188,0.2177900143061388,0.5537029377627251,0.23562396836284566,0.5537029377627251,0,
DRV00069,2024-06-01,0.31593198,0,0.1365564761449514,0.251133755259076,0.2376590222221586,0.2353203084065465,0.31593198,0,
DRV00002,2024-07-01,0.29181924,1,0.0630873246906588,0.3300213087546909,0.2530779003099434,0.2345014434388233,0.3300213087546909,0,
DRV00038,2024-08-01,0.17969124,0,0.1076481128834292,0.3115636393864228,0.3386737822779556,0.2343941936369519,0.3386737822779556,0,
DRV00012,2024-05-01,0.03948534,0,0.1386152209517515,0.3437794297833174,0.4151549886525342,0.23425874484690076,0.4151549886525342,0,
DRV00056,2024-04-01,0.048109382,0,0.0602618836005017,0.3095828961386361,0.5127526311095707,0.23267669821217712,0.5127526311095707,0,
DRV00045,2024-04-01,0.09788262,0,0.0751703926115811,0.466802230563651,0.2882176295155165,0.23201821817268714,0.466802230563651,0,
DRV00012,2024-09-01,0.22693242,0,0.0754297638512544,0.270735122471668,0.3480764425737717,0.2302934372241735,0.3480764425737717,0,
DRV00065,2024-04-01,0.177033,0,0.0195122828571063,0.511834290261346,0.202750669574743,0.2277825606732988,0.511834290261346,0,
DRV00119,2024-08-01,0.056983713,0,0.0656320191365686,0.1067278792510346,0.6756561572572843,0.22624994216122188,0.6756561572572843,0,
DRV00004,2024-08-01,0.2867924,1,0.2081527623480836,0.0510036150407447,0.3507830867491072,0.22418296603448387,0.3507830867491072,0,
DRV00084,2024-07-01,0.14538386,0,0.0574488353353952,0.4157256538624427,0.2753050605273063,0.22346585243128606,0.4157256538624427,0,
DRV00016,2024-07-01,0.07414983,0,0.0817395713217151,0.3890312566302634,0.3472483058211307,0.2230422409432773,0.3890312566302634,0,
DRV00063,2024-06-01,0.1382985,0,0.0259315832230227,0.5088737185040614,0.2138415255291918,0.22173633181406896,0.5088737185040614,0,
DRV00083,2024-06-01,0.061497852,0,0.0706381604292225,0.4850755317505577,0.267859410886992,0.22126773876669303,0.4850755317505577,0,
DRV00099,2024-04-01,0.036220886,0,0.0211097496794495,0.1899713526388416,0.6304008541316755,0.21942571061249164,0.6304008541316755,0,
DRV00097,2024-07-01,0.16021672,0,0.0679509499611047,0.3461857075895578,0.2991105894737389,0.21836599175610036,0.3461857075895578,0,
DRV00099,2024-06-01,0.12589629,0,0.03678426218645,0.3099678051102883,0.397465943944608,0.2175285753103366,0.397465943944608,0,
DRV00049,2024-06-01,0.11610187,0,0.0626724489635898,0.3595923326565318,0.3316937204402229,0.2175150930150861,0.3595923326565318,0,
DRV00064,2024-08-01,0.23494849,0,0.050377273751391,0.4153853407617716,0.1667779284134934,0.216872258231664,0.4153853407617716,0,
DRV00139,2024-04-01,0.19614825,1,0.0878794062190733,0.2981036709138848,0.284697078348446,0.21670710137035099,0.2981036709138848,0,
DRV00065,2024-06-01,0.10249676,0,0.0928146769218657,0.4564580767669823,0.2133640633944354,0.21628339427082083,0.4564580767669823,0,
DRV00133,2024-07-01,0.204237,0,0.1032752978897078,0.2452067370510238,0.305027952942641,0.21443674697084314,0.305027952942641,0,
DRV00099,2024-05-01,0.031102382,0,0.0089753593638832,0.2941415185110853,0.5227116816317166,0.21423273537667126,0.5227116816317166,0,
DRV00104,2024-04-01,0.12299377,0,0.055166182334294,0.338754670561164,0.3366751528679549,0.21339744394085322,0.338754670561164,0,
DRV00088,2024-08-01,0.14233272,0,0.0128857833029489,0.1608066816180098,0.5369423890396755,0.21324189349015854,0.5369423890396755,0,
DRV00098,2024-07-01,0.12911117,0,0.039994595792764,0.3943989538343058,0.2777023984063104,0.21030177950834503,0.3943989538343058,0,
DRV00010,2024-07-01,0.0561203,0,0.0746680008453446,0.2998895280868628,0.4073301559162806,0.209501996212122,0.4073301559162806,0,
DRV00145,2024-04-01,0.23006755,0,0.0721630348739463,0.3494909712943264,0.184762082482448,0.20912090966268018,0.3494909712943264,0,
DRV00102,2024-06-01,0.22169879,0,0.048435187073321,0.3637185758069902,0.2012875598461098,0.20878502818160524,0.3637185758069902,0,
DRV00104,2024-05-01,0.05274066,0,0.0898778095514641,0.3066551304302974,0.3826744005261367,0.20798700012697457,0.3826744005261367,0,
DRV00100,2024-08-01,0.020659765,0,0.0090227265966359,0.1784075938404483,0.6223924800493752,0.20762064137161484,0.6223924800493752,0,
DRV00118,2024-07-01,0.13857885,1,0.040159906181353,0.4416679919227069,0.2082327516980342,0.20715987495052351,0.4416679919227069,0,
DRV00004,2024-07-01,0.26403418,1,0.1496362136500041,0.0725000001830834,0.337926307169599,0.20602417525067163,0.337926307169599,0,
DRV00100,2024-04-01,0.08171211,0,0.0380371833526861,0.4062200800929524,0.2976819484474972,0.20591283047328393,0.4062200800929524,0,
DRV00078,2024-05-01,0.08951747,0,0.0468769853285739,0.3040305553595035,0.3763843779449575,0.20420234715825875,0.3763843779449575,0,
DRV00065,2024-05-01,0.16828679,0,0.024152375167984,0.4410119123385285,0.1804819463878394,0.203483255973588,0.4410119123385285,0,
DRV00013,2024-09-01,0.1084142,0,0.0159554320080419,0.4462878928532376,0.2410904099971576,0.20293698371460928,0.4462878928532376,0,
DRV00099,2024-07-01,0.1449227,0,0.0331459028313932,0.3623852038908406,0.2712744568458847,0.2029320658920296,0.3623852038908406,0,
DRV00119,2024-09-01,0.12494599,1,0.0218108612525048,0.1384144010943231,0.5244722744299294,0.20241088169418933,0.5244722744299294,0,
DRV00041,2024-06-01,0.18728945,0,0.1258309311090712,0.2059347362711229,0.2872765251204167,0.20158291062515268,0.2872765251204167,0,
DRV00056,2024-08-01,0.09764853,0,0.0852996178513686,0.3947734870665226,0.2248565513210955,0.20064454655974667,0.3947734870665226,0,
DRV00003,2024-09-01,0.025863538,0,0.0219147752282284,0.1269403184000792,0.6275362779558513,0.20056372739603973,0.6275362779558513,0,
DRV00011,2024-09-01,0.13787475,0,0.0802247173438887,0.3556771550886997,0.2255657849305148,0.1998356018407758,0.3556771550886997,0,
DRV00054,2024-09-01,0.10712575,0,0.1262835003088621,0.3281912052170395,0.2358260393426634,0.19935662371714125,0.3281912052170395,0,
DRV00060,2024-09-01,0.031687826,0,0.028305835642579,0.1446549642027521,0.5923677127513334,0.1992540846491661,0.5923677127513334,0,
DRV00097,2024-05-01,0.06370756,0,0.0456360277535616,0.3098048081113522,0.3773639346286302,0.199128082623386,0.3773639346286302,0,
DRV00147,2024-08-01,0.0767633,1,0.0640054428040074,0.3663362522074312,0.2884714243529699,0.19889410484110212,0.3663362522074312,0,
DRV00110,2024-04-01,0.14707951,0,0.1698993201631495,0.2735335963996391,0.2019864559723653,0.19812472063378847,0.2735335963996391,0,
DRV00015,2024-09-01,0.20278892,0,0.0213165620612904,0.3310469518729891,0.2341383041261997,0.1973226845151198,0.3310469518729891,0,
DRV00094,2024-04-01,0.12858455,1,0.0779779301111646,0.3439632489300231,0.2377949980053204,0.197080181761627,0.3439632489300231,0,
DRV00094,2024-06-01,0.026749406,0,0.0472028423700182,0.0736226776398882,0.6341807774915831,0.19543892587537237,0.6341807774915831,0,
DRV00089,2024-08-01,0.01083107,0,0.0257077271487026,0.187376541581571,0.5570571471074873,0.19524312145944023,0.5570571471074873,0,
DRV00122,2024-07-01,0.0062454073,0,0.0010940290694368,0.1741018397990991,0.5986977139623015,0.19503474753270936,0.5986977139623015,0,
DRV00119,2024-04-01,0.2068294,1,0.0449895947844912,0.3161852812100499,0.2117098504306602,0.19492853160630036,0.3161852812100499,0,
DRV00018,2024-08-01,0.057120252,0,0.043854089603049,0.1231126609550685,0.5521363882410747,0.19405584769979806,0.5521363882410747,0,
DRV00049,2024-04-01,0.10681001,0,0.031231862232859,0.3199065866716779,0.3173842013366599,0.19383316506029918,0.3199065866716779,0,
DRV00144,2024-06-01,0.28790098,0,0.057699322670107,0.139831076537175,0.2817575388709075,0.19179722951954736,0.28790098,0,
DRV00132,2024-06-01,0.010102964,1,0.0067734877519844,0.1513732846640142,0.598048610468132,0.19157458672103264,0.598048610468132,0,
DRV00075,2024-09-01,0.09468267,0,0.0403080284793473,0.3314710905304095,0.2975727467741199,0.19100863394596918,0.3314710905304095,0,
DRV00041,2024-09-01,0.27417496,0,0.0361335780431471,0.2151595210504193,0.2363649756783362,0.19045825869297567,0.27417496,0,
DRV00070,2024-07-01,0.07346552,0,0.0135626973267103,0.1625823620158463,0.5107609550494145,0.19009288359799278,0.5107609550494145,0,
DRV00105,2024-07-01,0.068224296,0,0.022200713109978,0.3830832078163872,0.2863896724102051,0.18997447233414258,0.3830832078163872,0,
DRV00001,2024-04-01,0.089439064,0,0.035404159307499,0.4077557266300286,0.2252527685834369,0.18946292963024114,0.4077557266300286,0,
DRV00001,2024-07-01,0.12392573,0,0.0233689981730764,0.3422382220626985,0.2674592024485955,0.1892480381710926,0.3422382220626985,0,
DRV00010,2024-09-01,0.15620214,0,0.0451850520904969,0.2297268108028947,0.3258101922447048,0.1892310487845241,0.3258101922447048,0,
DRV00057,2024-09-01,0.20077197,0,0.110702976774541,0.3207216333604006,0.1222081477155635,0.1886011819626263,0.3207216333604006,0,
DRV00051,2024-05-01,0.07331999,0,0.0146816733566302,0.31952207434531,0.3427719349893118,0.187573918172813,0.3427719349893118,0,
DRV00033,2024-05-01,0.020816684,0,0.0303992466066844,0.1600276890616949,0.5379703162127687,0.187303483970287,0.5379703162127687,0,
DRV00054,2024-05-01,0.054648746,0,0.0503002416374073,0.4120423367417614,0.2287568151863483,0.18643703489137925,0.4120423367417614,0,
DRV00121,2024-06-01,0.09180345,0,0.0504806603599988,0.3414645702487742,0.261016072968456,0.18619118839430726,0.3414645702487742,0,
DRV00123,2024-08-01,0.26290137,0,0.0895368196516095,0.1406185383515961,0.2514370568257332,0.1861234462072347,0.26290137,0,
DRV00101,2024-09-01,0.17390923,0,0.0778734389481845,0.2130565253921543,0.2767221046686997,0.18539032475225964,0.2767221046686997,0,
DRV00100,2024-09-01,0.014625679,0,0.0141813613896144,0.1309738828965533,0.5788291931047612,0.18465252909773222,0.5788291931047612,0,
DRV00013,2024-08-01,0.13099194,0,0.0289844152233018,0.2587154994238291,0.3196253818623689,0.18457930912737494,0.3196253818623689,0,
DRV00005,2024-08-01,0.16189219,0,0.0568592267804528,0.2063423549330793,0.311261846336746,0.18408890451256954,0.311261846336746,0,
DRV00033,2024-07-01,0.10606458,0,0.0907002056853773,0.1957103098811599,0.3420546977357843,0.18363244832558037,0.3420546977357843,0,
DRV00035,2024-08-01,0.12751202,0,0.0779158155771456,0.1921946288911394,0.3358881254622837,0.18337764748264218,0.3358881254622837,0,
DRV00005,2024-04-01,0.18048362,0,0.0839530489215341,0.2335795771289377,0.2351928834641869,0.18330228237866467,0.2351928834641869,0,
DRV00028,2024-04-01,0.078367405,0,0.1464305036695406,0.2059943678260916,0.3016792616245392,0.18311788453004285,0.3016792616245392,0,
DRV00058,2024-09-01,0.02446803,0,0.0152657718872971,0.1245536393345325,0.565743864043812,0.1825078263164104,0.565743864043812,0,
DRV00033,2024-04-01,0.003311807,0,0.005614367662878,0.0868570946729239,0.6328512521730671,0.18215863037721727,0.6328512521730671,0,
DRV00105,2024-08-01,0.076311514,0,0.0318565738400377,0.3369501523396878,0.2829087043492462,0.1820067361322429,0.3369501523396878,0,
DRV00074,2024-06-01,0.005113739,0,0.0046238269997329,0.1208339880712193,0.5932443833199487,0.18095398434772522,0.5932443833199487,0,
DRV00036,2024-07-01,0.05707771,1,0.0042224349738649,0.4426525456432476,0.2190736899865935,0.18075659515092649,0.4426525456432476,0,
DRV00110,2024-07-01,0.080532126,0,0.0459191538958986,0.3543673091784145,0.241771043128384,0.18064740805067428,0.3543673091784145,0,
DRV00089,2024-07-01,0.0168801,0,0.0066885602690372,0.0971129104287719,0.6017360672635254,0.18060440949033363,0.6017360672635254,0,
DRV00047,2024-04-01,0.12249203,0,0.0541261678573092,0.3002419575129147,0.2405531630002449,0.1793533295926172,0.3002419575129147,0,
DRV00001,2024-09-01,0.03012728,0,0.0100477149779384,0.4678329270075693,0.2064890697802961,0.17862424794145096,0.4678329270075693,0,
DRV00012,2024-04-01,0.065929,0,0.1267060001556522,0.1329392143999958,0.3872769262260107,0.17821278519541467,0.3872769262260107,0,
DRV00095,2024-09-01,0.16605271,1,0.0918962284791876,0.2774919658644619,0.1771831287018594,0.1781560082613772,0.2774919658644619,0,
DRV00050,2024-07-01,0.13280143,0,0.0230808132353358,0.3394081408270249,0.2151552101289272,0.17761139854782199,0.3394081408270249,0,
DRV00051,2024-07-01,0.04048666,1,0.0282622419729372,0.3614396766982857,0.2799999835388927,0.1775471405525289,0.3614396766982857,0,
DRV00100,2024-06-01,0.08994049,1,0.0242163999876558,0.2320556789063587,0.3615389341852909,0.17693787576982636,0.3615389341852909,0,
DRV00089,2024-05-01,0.12982312,1,0.065626701494554,0.2628310636161464,0.2468921108336912,0.17629324898609788,0.2628310636161464,0,
DRV00147,2024-07-01,0.18942052,0,0.0579428355557435,0.1756810446234391,0.2779488636642163,0.17524831596084972,0.2779488636642163,0,
DRV00056,2024-06-01,0.08105141,0,0.019214333911318,0.2565700394333096,0.337223461109607,0.17351481111355865,0.337223461109607,0,
DRV00053,2024-05-01,0.0682277,0,0.0473059970647973,0.2889409628812877,0.2879302238595072,0.17310122095139804,0.2889409628812877,0,
DRV00051,2024-04-01,0.028691156,0,0.0195125784080329,0.1042554737519579,0.5398651868233885,0.17308109874584482,0.5398651868233885,0,
DRV00103,2024-07-01,0.099139765,0,0.0285207125439961,0.3590802993453627,0.2053484894047507,0.17302231657352737,0.3590802993453627,0,
DRV00112,2024-04-01,0.01367325,0,0.0187991001330777,0.2674554129955791,0.3888380597211251,0.17219145571244548,0.3888380597211251,0,
DRV00074,2024-07-01,0.005413404,0,0.0044830841887825,0.1649011817390019,0.5134235945872268,0.1720553161287528,0.5134235945872268,0,
DRV00032,2024-06-01,0.032163575,0,0.0281976017919706,0.335967408192076,0.286575719718847,0.17072607617572338,0.335967408192076,0,
DRV00148,2024-05-01,0.15748762,0,0.090239018627581,0.1446283278679353,0.2893565016647566,0.17042786704006824,0.2893565016647566,0,
DRV00078,2024-08-01,0.03996108,0,0.0139825604039099,0.3323347202496369,0.2949946035067646,0.17031824104007787,0.3323347202496369,0,
DRV00037,2024-06-01,0.012855691,0,0.0074764306649555,0.3246115826567332,0.3318589243012697,0.1692006571557396,0.3318589243012697,0,
DRV00145,2024-05-01,0.20577098,0,0.0395964872307486,0.2011104000489141,0.2297698091336457,0.16906191910332707,0.2297698091336457,0,
DRV00142,2024-05-01,0.20210475,0,0.0824343751328714,0.1749380979499271,0.2159667835452441,0.16886100165701065,0.2159667835452441,0,
DRV00058,2024-08-01,0.008871049,0,0.0052534267119231,0.0384263151769666,0.6218778253955264,0.16860715407110402,0.6218778253955264,0,
DRV00148,2024-04-01,0.012785054,0,0.0125491726939514,0.3583093702868285,0.2885494679289846,0.16804826622744112,0.3583093702868285,0,
DRV00150,2024-08-01,0.14742829,0,0.043789558934381,0.2147416767260465,0.2636153540310384,0.16739371992286647,0.2636153540310384,0,
DRV00032,2024-08-01,0.11018875,0,0.0159616751702272,0.2549696211448723,0.2830920932689998,0.16605303489602485,0.2830920932689998,0,
DRV00139,2024-09-01,0.092667945,0,0.0345928460568821,0.2288937749446119,0.3070608366194305,0.16580385065523112,0.3070608366194305,0,
DRV00001,2024-06-01,0.14532788,0,0.0645764432040454,0.2148442975201968,0.2379019469109672,0.16566264190880234,0.2379019469109672,0,
DRV00117,2024-07-01,0.04075476,0,0.0127094209781418,0.3432890937152866,0.2634446796546064,0.16504948858700869,0.3432890937152866,0,
DRV00090,2024-08-01,0.0023271302,0,0.0037313832295885,0.051939972790028,0.601404679916845,0.16485079153411536,0.601404679916845,0,
DRV00078,2024-04-01,0.073652774,0,0.0199091175069309,0.3166436619480574,0.2470527434037736,0.16431457421469048,0.3166436619480574,0,
DRV00102,2024-05-01,0.123900294,0,0.0240805938448665,0.3385866347652126,0.1689907958488894,0.16388957961474213,0.3385866347652126,0,
DRV00134,2024-06-01,0.053036407,0,0.0197281522253774,0.3559158906976178,0.2244861034476609,0.16329163834266402,0.3559158906976178,0,
DRV00125,2024-04-01,0.13049904,0,0.0596573524360456,0.2427309853948631,0.218146986686577,0.1627585911293714,0.2427309853948631,0,
DRV00150,2024-09-01,0.0666354,0,0.0465783651725602,0.2997678135417099,0.2374300481428416,0.16260290671427793,0.2997678135417099,0,
DRV00130,2024-07-01,0.15853721,0,0.0561630369472837,0.2471332104790438,0.1844338932963999,0.16156683768068186,0.2471332104790438,0,
DRV00090,2024-09-01,0.015074038,0,0.0196588440369019,0.0492546074474365,0.561767438914319,0.16143873209966436,0.561767438914319,0,
DRV00121,2024-04-01,0.024855379,0,0.0105803443698908,0.0427522235446829,0.565385631988197,0.1608933947256927,0.565385631988197,0,
DRV00103,2024-05-01,0.11364189,0,0.0596161165205641,0.2524720187932744,0.2157404491964003,0.16036761862755972,0.2524720187932744,0,
DRV00104,2024-06-01,0.01741783,0,0.0081814245375876,0.2641287672323322,0.3499001115007583,0.15990703331766953,0.3499001115007583,0,
DRV00138,2024-04-01,0.03796757,0,0.0468980497107871,0.2842775559671027,0.2690303409227,0.15954337915014744,0.2842775559671027,0,
DRV00037,2024-05-01,0.01328859,0,0.0433380753554746,0.1969827953438873,0.381464030260693,0.1587683727400137,0.381464030260693,0,
DRV00019,2024-04-01,0.035584632,0,0.012995389972324,0.3757381550464496,0.2104073573056823,0.15868138358111397,0.3757381550464496,0,
DRV00103,2024-04-01,0.12961861,0,0.0184583828296225,0.2953388454895997,0.1911926493885223,0.15865212192693612,0.2953388454895997,0,
DRV00029,2024-05-01,0.12575012,0,0.0428653387796113,0.2234299468423767,0.2420983350181625,0.1585359351600376,0.2420983350181625,0,
DRV00122,2024-08-01,0.0028741127,0,0.0005360880602085,0.0933715997822814,0.537051634151514,0.15845835867350097,0.537051634151514,0,
DRV00107,2024-08-01,0.17228554,0,0.0612179627348552,0.2494204547958037,0.1508522526564934,0.15844405254678806,0.2494204547958037,0,
DRV00080,2024-09-01,0.0782836,0,0.0654853612090124,0.2236661298882535,0.2659887732497098,0.15835596608674393,0.2659887732497098,0,
DRV00075,2024-05-01,0.040354356,0,0.0282619679599859,0.3086503385999943,0.2558625978524711,0.15828231510311283,0.3086503385999943,0,
DRV00127,2024-07-01,0.06406845,0,0.0108252781102309,0.3094721891519117,0.2486920694733616,0.15826449668387604,0.3094721891519117,0,
DRV00016,2024-05-01,0.056722827,0,0.0382276414139067,0.2676427341325946,0.2694996211337184,0.15802320592005492,0.2694996211337184,0,
DRV00001,2024-05-01,0.034655973,0,0.0087240569545856,0.3540861738882256,0.2300745887992624,0.1568851981605184,0.3540861738882256,0,
DRV00080,2024-05-01,0.06622287,0,0.0202717525500001,0.2705910951799283,0.2701975089206178,0.15682080666263654,0.2705910951799283,0,
DRV00101,2024-05-01,0.04579676,1,0.0307792036116774,0.3543916676494583,0.1937230998536203,0.156172682778689,0.3543916676494583,0,
DRV00053,2024-09-01,0.04206624,0,0.0095461481761387,0.3450077962116793,0.2268283032615845,0.15586212191235063,0.3450077962116793,0,
DRV00077,2024-04-01,0.077542245,0,0.0190751013061833,0.2868954053517531,0.2359153245378762,0.15485701904895316,0.2868954053517531,0,
DRV00150,2024-07-01,0.09613753,0,0.0542890173398718,0.175255966123704,0.2925416224793606,0.1545560339857341,0.2925416224793606,0,
DRV00099,2024-08-01,0.045039676,0,0.0406415604099065,0.2791159043938775,0.2514474394610713,0.15406114506621382,0.2791159043938775,0,
DRV00124,2024-08-01,0.06409482,0,0.0745176590389505,0.2839535616249349,0.1933495461921927,0.15397889671401951,0.2839535616249349,0,
DRV00024,2024-08-01,0.043078206,0,0.0136406086269031,0.2839376097894977,0.2745798330801419,0.15380906437413566,0.2839376097894977,0,
DRV00100,2024-05-01,0.07084163,1,0.0252455073719875,0.2665298455763028,0.2506816792729648,0.15332466555531377,0.2665298455763028,0,
DRV00050,2024-04-01,0.121896654,0,0.0162355205089821,0.2863481127705237,0.1871831919734,0.15291586981322647,0.2863481127705237,0,
DRV00108,2024-07-01,0.086781316,0,0.0192155577553822,0.1738814593113779,0.3310691302796334,0.1527368658365984,0.3310691302796334,0,
DRV00144,2024-07-01,0.122132294,0,0.051117073186574,0.2030410660087122,0.2338491720109045,0.15253490130154768,0.2338491720109045,0,
DRV00108,2024-09-01,0.04794699,0,0.0046692461861329,0.3444077596116345,0.2122682724809159,0.15232306706967083,0.3444077596116345,0,
DRV00150,2024-05-01,0.1305054,0,0.018317789038693,0.1369496110004058,0.323346397895793,0.15227979948372294,0.323346397895793,0,
DRV00026,2024-04-01,0.020375676,0,0.0626003493762567,0.1916744547551413,0.3324662462766581,0.15177918160201403,0.3324662462766581,0,
DRV00012,2024-06-01,0.038692188,0,0.0115813685416703,0.2219797781656688,0.3342462926673247,0.15162490684366595,0.3342462926673247,0,
DRV00002,2024-04-01,0.089631885,0,0.0386201987893239,0.1698781065085748,0.3075844184846761,0.1514286521956437,0.3075844184846761,0,
DRV00147,2024-06-01,0.118473835,0,0.0440446163512349,0.140772045474348,0.3017424266542793,0.15125823086996554,0.3017424266542793,0,
DRV00089,2024-04-01,0.035442505,1,0.0203326633257009,0.3228011659675491,0.2264208851768536,0.1512493048675259,0.3228011659675491,0,
DRV00130,2024-06-01,0.07510239,0,0.0314078284191068,0.2632781926507174,0.2340187994986503,0.1509518026421186,0.2632781926507174,0,
DRV00062,2024-08-01,0.12250434,0,0.0188881986934507,0.2626074144527518,0.1936433473453894,0.149410825122898,0.2626074144527518,0,
DRV00057,2024-05-01,0.12448524,0,0.0798408986719809,0.2270947379545115,0.1640787290636926,0.14887490142254625,0.2270947379545115,0,
DRV00032,2024-07-01,0.018829482,0,0.0537341620696859,0.2163941833756688,0.305164655161365,0.14853062065167993,0.305164655161365,0,
DRV00111,2024-05-01,0.03333892,0,0.0257775223422608,0.2872623383302111,0.2476377534124801,0.148504133521238,0.2872623383302111,0,
DRV00141,2024-08-01,0.11130972,1,0.0308068549616307,0.239777902722698,0.2118944045774239,0.14844722056543816,0.239777902722698,0,
DRV00045,2024-05-01,0.04309246,0,0.0042701283112887,0.352088686700763,0.1936359713231168,0.14827181158379213,0.352088686700763,0,
DRV00110,2024-05-01,0.05998028,0,0.1320141427546285,0.218375971171299,0.181136273053549,0.14787666674486913,0.218375971171299,0,
DRV00090,2024-05-01,0.09960967,1,0.0459305680081583,0.2329758425379349,0.2123763995878966,0.14772312003349747,0.2329758425379349,0,
DRV00060,2024-07-01,0.014792154,1,0.0061642123141019,0.2372983685201668,0.332014796997652,0.14756738295798016,0.332014796997652,0,
DRV00141,2024-07-01,0.0432404,0,0.0305390712017944,0.2295325462876337,0.2846997260035547,0.1470029358732457,0.2846997260035547,0,
DRV00149,2024-04-01,0.13822119,0,0.0144570504289827,0.1125058532950421,0.322480984639705,0.14691626959093246,0.322480984639705,0,
DRV00113,2024-05-01,0.06675015,0,0.0782553953440337,0.1295907030137857,0.3124461279125435,0.14676059406759073,0.3124461279125435,0,
DRV00012,2024-08-01,0.06411015,0,0.0345485581958031,0.1335868500223859,0.3542849178359493,0.14663261901353458,0.3542849178359493,0,
DRV00022,2024-05-01,0.09291094,0,0.0803185124392451,0.1388089725462863,0.2741341284030805,0.14654313834715296,0.2741341284030805,0,
DRV00032,2024-05-01,0.0355801,0,0.0528474908038463,0.2201799327629346,0.2743111436793889,0.14572966681154245,0.2743111436793889,0,
DRV00077,2024-05-01,0.049497053,0,0.0285151394599168,0.3576647812920828,0.1465346796248464,0.1455529133442115,0.3576647812920828,0,
DRV00036,2024-08-01,0.08849172,1,0.0042301809769558,0.3188191127689108,0.1704737557789304,0.14550369238119926,0.3188191127689108,0,
DRV00114,2024-08-01,0.018358385,0,0.0301615191577027,0.3374100123825907,0.194498879715281,0.1451071990638936,0.3374100123825907,0,
DRV00134,2024-07-01,0.051075075,0,0.0504471657782739,0.1789941192705897,0.2994044248635353,0.1449801962280997,0.2994044248635353,0,
DRV00061,2024-05-01,0.059982397,0,0.0430130988428376,0.1479571186792645,0.3263246896986457,0.14431932605518694,0.3263246896986457,0,
DRV00108,2024-06-01,0.034642063,0,0.0008503081361784,0.3343270019086926,0.2062591871947425,0.14401964005990336,0.3343270019086926,0,
DRV00111,2024-06-01,0.077638365,0,0.0430811571700899,0.24062452788298,0.2140975223660444,0.14386039310477858,0.24062452788298,0,
DRV00141,2024-06-01,0.039334312,0,0.0153986085143637,0.2800943656602231,0.24059447706434,0.1438554408097317,0.2800943656602231,0,
DRV00058,2024-06-01,0.028588466,1,0.0490668127928694,0.0915668826702075,0.405907613774888,0.14378244380949123,0.405907613774888,0,
DRV00144,2024-05-01,0.14559403,0,0.072948651611406,0.1095413864589406,0.2464735092199412,0.14363939432257194,0.2464735092199412,0,
DRV00150,2024-04-01,0.03652937,0,0.0784474040681909,0.1395489963018985,0.3195703315597167,0.14352402548245152,0.3195703315597167,0,
DRV00111,2024-07-01,0.027159812,0,0.0174685478182774,0.3852323968384012,0.1425249818807105,0.1430964346343473,0.3852323968384012,0,
DRV00050,2024-09-01,0.06063798,0,0.0224436707999954,0.3100744638039058,0.1786490560548856,0.1429512926646967,0.3100744638039058,0,
DRV00147,2024-09-01,0.05434407,1,0.106401878419862,0.2103648404142673,0.2002314382838384,0.14283555677949192,0.2103648404142673,0,
DRV00044,2024-07-01,0.060880158,0,0.011984094930554,0.2595655495770298,0.2377028256415781,0.14253315703729047,0.2595655495770298,0,
DRV00065,2024-07-01,0.019635668,0,0.0198350856475241,0.2850201798464194,0.2448397018037991,0.14233265882443566,0.2850201798464194,0,
DRV00049,2024-07-01,0.06080557,0,0.0358207384846781,0.1755189942011818,0.2957780921406404,0.14198084870662508,0.2957780921406404,0,
DRV00091,2024-04-01,0.016719168,0,0.0040950743196966,0.3094921406170665,0.2369667080507718,0.14181827274688372,0.3094921406170665,0,
DRV00082,2024-04-01,0.027524145,0,0.0164673368543821,0.2316331706696542,0.2904906510363792,0.14152882589010388,0.2904906510363792,0,
DRV00138,2024-07-01,0.026063692,1,0.0161456978576796,0.3076509949124069,0.2159607900185076,0.14145529369714852,0.3076509949124069,0,
DRV00003,2024-05-01,0.0852917,0,0.0356448243224545,0.1519362300929878,0.2907425652257464,0.14090382991029715,0.2907425652257464,0,
DRV00109,2024-04-01,0.043726277,0,0.0211895999165145,0.3350899107351169,0.1625825291569353,0.14064707920214167,0.3350899107351169,0,
DRV00095,2024-05-01,0.050543223,0,0.0547612946241007,0.2420101075307801,0.2134206365566455,0.14018381542788155,0.2420101075307801,0,
DRV00114,2024-09-01,0.0738095,0,0.0133474649806355,0.2604945526549771,0.2118486043421292,0.13987503049443545,0.2604945526549771,0,
DRV00128,2024-08-01,0.22780263,0,0.0592228213218715,0.1042031078782616,0.1681042534157532,0.13983320315397157,0.22780263,0,
DRV00063,2024-08-01,0.053897705,0,0.0103944079626023,0.3103416630124281,0.1815366475558308,0.1390426058827153,0.3103416630124281,0,
DRV00087,2024-07-01,0.062644765,0,0.0659095973630312,0.1438544404871902,0.2834722269964203,0.13897025746166042,0.2834722269964203,0,
DRV00091,2024-06-01,0.019787412,0,0.0075688664689909,0.2173953071692456,0.3107045207833758,0.1388640266054031,0.3107045207833758,0,
DRV00057,2024-07-01,0.074585736,0,0.0251880275285643,0.2805807828650916,0.1739180870399279,0.13856815835839595,0.2805807828650916,0,
DRV00117,2024-05-01,0.1000932,0,0.0355254340155901,0.2261532393618901,0.1921141686902747,0.13847151051693873,0.2261532393618901,0,
DRV00082,2024-05-01,0.020352429,0,0.0080918646356488,0.1284625692539809,0.3954474641193233,0.13808858175223826,0.3954474641193233,0,
DRV00082,2024-09-01,0.06851249,0,0.0033065137057946,0.144650214925801,0.335653538040049,0.13803068916791114,0.335653538040049,0,
DRV00026,2024-08-01,0.09269674,0,0.0781660590850594,0.1293395642974849,0.2511132346928426,0.13782889951884672,0.2511132346928426,0,
DRV00141,2024-05-01,0.049412187,0,0.0669182048454633,0.2279872366031078,0.2068366704613855,0.13778857472748915,0.2279872366031078,0,
DRV00113,2024-06-01,0.027712883,0,0.0215212996447394,0.228130386237015,0.2736349330783639,0.1377498754900296,0.2736349330783639,0,
DRV00017,2024-04-01,0.11116591,0,0.019237135603692,0.1503472685654296,0.2694603915581925,0.13755267643182853,0.2694603915581925,0,
DRV00011,2024-05-01,0.025844041,0,0.0182091992603579,0.2248803301063265,0.2792458100552071,0.13704484510547288,0.2792458100552071,0,
DRV00083,2024-04-01,0.03635978,0,0.0086925931904262,0.2328288934945761,0.2681492496017148,0.1365076290716793,0.2681492496017148,0,
DRV00014,2024-09-01,0.17450924,0,0.0336732923777496,0.0743634978043907,0.2626291413966615,0.13629379289470045,0.2626291413966615,0,
DRV00064,2024-06-01,0.09599436,0,0.0248353127382883,0.2430204142481757,0.1785712280330517,0.1356053287548789,0.2430204142481757,0,
DRV00016,2024-06-01,0.14515942,0,0.0422675710056048,0.099797174023488,0.2547843340638561,0.13550212477323723,0.2547843340638561,0,
DRV00045,2024-07-01,0.038043197,0,0.0056319771746173,0.2924923430101206,0.2054397156852848,0.1354018082175057,0.2924923430101206,0,
DRV00028,2024-05-01,0.07058059,0,0.0139107868742122,0.2083061200112203,0.2471282565866685,0.13498143836802526,0.2471282565866685,0,
DRV00006,2024-06-01,0.032391608,0,0.0568232126164679,0.1176012372010251,0.3328000843217893,0.13490403553482058,0.3328000843217893,0,
DRV00062,2024-09-01,0.09274718,0,0.0135861234854244,0.2564484703581337,0.1715201109246778,0.13357547119205898,0.2564484703581337,0,
DRV00071,2024-07-01,0.038412534,0,0.0341082099009299,0.2497482306134769,0.2102728843685447,0.13313546472073787,0.2497482306134769,0,
DRV00108,2024-05-01,0.09189371,0,0.0132502945955089,0.2259844156192274,0.2013105887121721,0.1331097522317271,0.2259844156192274,0,
DRV00014,2024-05-01,0.06671915,0,0.008692559323026,0.2293521826863537,0.2255764959382223,0.1325850969869005,0.2293521826863537,0,
DRV00058,2024-04-01,0.058105137,0,0.0305414717490959,0.1296930692794858,0.3112851167104258,0.13240619868475187,0.3112851167104258,0,
DRV00017,2024-05-01,0.07860447,0,0.0613386639720626,0.1335340955535774,0.2556227894436612,0.1322750047423253,0.2556227894436612,0,
DRV00101,2024-04-01,0.04014947,1,0.0252527352351338,0.2771751286532839,0.1852484955840755,0.1319564573681233,0.2771751286532839,0,
DRV00097,2024-06-01,0.055776075,0,0.015626763812212,0.1828479772651422,0.2713420248928434,0.1313982102425494,0.2713420248928434,0,
DRV00037,2024-07-01,0.02520407,0,0.0061480707799793,0.2432452823686583,0.2502780287863171,0.1312188629837387,0.2502780287863171,0,
DRV00006,2024-09-01,0.0084473165,0,0.0088592171646492,0.1820109414840812,0.3249462256693726,0.13106592520452576,0.3249462256693726,0,
DRV00099,2024-09-01,0.036771223,0,0.0095930606400975,0.280605358756649,0.1954703900868485,0.13061000812089874,0.280605358756649,0,
DRV00091,2024-05-01,0.03594339,0,0.0053815926598513,0.243893705061171,0.2356286887029419,0.13021184410599107,0.243893705061171,0,
DRV00028,2024-06-01,0.020399014,0,0.0329017893642762,0.1772272613260073,0.2900589182071094,0.13014674572434823,0.2900589182071094,0,
DRV00026,2024-06-01,0.04742334,0,0.0349027605820283,0.2080512974363746,0.2299828819048526,0.13009006998081388,0.2299828819048526,0,
DRV00114,2024-04-01,0.02973554,0,0.0255060484919141,0.2745546437809313,0.1905444871123366,0.1300851798462955,0.2745546437809313,0,
DRV00117,2024-04-01,0.05050133,0,0.0410686327956354,0.2145288992914724,0.2134092789677456,0.12987703526371336,0.2145288992914724,0,
DRV00037,2024-04-01,0.010623558,0,0.0203393113040585,0.1406367241771599,0.3434100515420939,0.1287524112558281,0.3434100515420939,0,
DRV00064,2024-07-01,0.02598216,0,0.0105752056766697,0.2982607526946891,0.1786429275311971,0.12836526147563898,0.2982607526946891,0,
DRV00059,2024-06-01,0.016290775,0,0.0092271521278968,0.1852727584979118,0.3012982058070978,0.12802222285822662,0.3012982058070978,0,
DRV00094,2024-08-01,0.022374725,0,0.0166831759262492,0.2266821612318433,0.2462475292317816,0.1279968978474685,0.2462475292317816,0,
DRV00066,2024-06-01,0.062145505,1,0.008129193724807,0.2505796558798197,0.1899921801298763,0.12771163368362576,0.2505796558798197,0,
DRV00075,2024-04-01,0.042641994,0,0.0032958613665072,0.2555205326044159,0.2091832621257183,0.12766041252416033,0.2555205326044159,0,
DRV00037,2024-09-01,0.02316082,0,0.0229469429617363,0.2274145418925817,0.2370526337392076,0.1276437346483814,0.2370526337392076,0,
DRV00095,2024-08-01,0.05345192,1,0.0111616036278263,0.2524286882601774,0.1932224399551463,0.1275661629607875,0.2524286882601774,0,
DRV00134,2024-08-01,0.056021024,0,0.0292644106749824,0.1485288622068909,0.2745354204741921,0.12708742933901634,0.2745354204741921,0,
DRV00105,2024-09-01,0.008661153,0,0.0030152099772368,0.2535343647383511,0.2427376046783517,0.1269870830984849,0.2535343647383511,0,
DRV00095,2024-04-01,0.027673073,0,0.0309573147467048,0.1786892451384509,0.2696772701869335,0.12674922576802228,0.2696772701869335,0,
DRV00050,2024-08-01,0.06272429,0,0.0109566346292412,0.2193512227477219,0.2126223181220489,0.126413616374753,0.2193512227477219,0,
DRV00006,2024-04-01,0.0072874767,0,0.0073836417137981,0.2376648259747991,0.2527494950932398,0.12627135987045923,0.2527494950932398,0,
DRV00022,2024-07-01,0.07023662,0,0.035184555294305,0.1243802763978591,0.2750683059862991,0.1262174394196158,0.2750683059862991,0,
DRV00118,2024-06-01,0.03988988,0,0.0283238117340704,0.2169050644303911,0.2190744730975191,0.12604830731549516,0.2190744730975191,0,
DRV00063,2024-07-01,0.0620363,0,0.0045386346509378,0.171162432241809,0.2654215936336263,0.12578974013159328,0.2654215936336263,0,
DRV00092,2024-07-01,0.0777996,0,0.0435901496323183,0.1626849960958941,0.2185099041520846,0.12564616247007426,0.2185099041520846,0,
DRV00078,2024-06-01,0.03769225,0,0.0316760929246105,0.1824007886077754,0.2495224675109126,0.1253228997608246,0.2495224675109126,0,
DRV00039,2024-04-01,0.11231597,0,0.0234225660462318,0.1255547272760125,0.2383536290824278,0.12491172310116802,0.2383536290824278,0,
DRV00059,2024-07-01,0.045258272,0,0.0117540207803219,0.2160604693835652,0.2262709471947595,0.12483592733966165,0.2262709471947595,0,
DRV00003,2024-07-01,0.020373112,1,0.0096125073122616,0.2040614592559289,0.2641727160360222,0.12455494865105318,0.2641727160360222,0,
DRV00111,2024-04-01,0.012121877,0,0.0179040723480212,0.2430333568144863,0.2248581357558166,0.12447936047958102,0.2430333568144863,0,
DRV00117,2024-06-01,0.03054938,0,0.0116728730708959,0.2683893744607598,0.187191535833912,0.1244507908413919,0.2683893744607598,0,
DRV00149,2024-09-01,0.078413494,0,0.0339641258659311,0.087888261734624,0.2966783199958476,0.12423605039910067,0.2966783199958476,0,
DRV00092,2024-05-01,0.04392857,0,0.018753017474722,0.1859438115454272,0.2480646061873362,0.12417250130187135,0.2480646061873362,0,
DRV00062,2024-05-01,0.07784135,0,0.0154972534133963,0.2124269424527482,0.1901747038772628,0.12398506243585183,0.2124269424527482,0,
DRV00005,2024-07-01,0.05962496,0,0.0523340384198353,0.0514582260982327,0.3317788736347662,0.12379902453820855,0.3317788736347662,0,
DRV00009,2024-09-01,0.11037375,0,0.0222007908988797,0.1239821729872999,0.2366938719759666,0.12331264646553655,0.2366938719759666,0,
DRV00077,2024-08-01,0.06592116,0,0.009737348600125,0.228215829254262,0.1853987585859145,0.12231827411007537,0.228215829254262,0,
DRV00004,2024-06-01,0.05994902,0,0.019440491496163,0.1078780068009892,0.3019687342154449,0.12230906312814928,0.3019687342154449,0,
DRV00084,2024-06-01,0.05037643,0,0.0127749566280107,0.1606595776801131,0.2652786525609678,0.1222724042172729,0.2652786525609678,0,
DRV00060,2024-06-01,0.01704174,1,0.0072715707378981,0.1573868012664151,0.3072045313459308,0.122226160837561,0.3072045313459308,0,
DRV00130,2024-05-01,0.051853225,0,0.0281217691258659,0.1758600542086555,0.232556544542381,0.1220978982192256,0.232556544542381,0,
DRV00077,2024-06-01,0.022871595,0,0.017994054102344,0.262348676356259,0.1850149943560692,0.12205732995366805,0.262348676356259,0,
DRV00127,2024-08-01,0.03353572,1,0.0097637178628801,0.2543058178707095,0.1905229053560891,0.12203204027241968,0.2543058178707095,0,
DRV00061,2024-08-01,0.027901622,0,0.0093547172352478,0.2449298961300465,0.2028426544056798,0.12125722244274353,0.2449298961300465,0,
DRV00130,2024-04-01,0.04489223,0,0.0289578184594332,0.2113850449370488,0.1992755050003004,0.1211276495991956,0.2113850449370488,0,
DRV00044,2024-04-01,0.02260286,0,0.0067053780272224,0.2572798700699523,0.1968237018382104,0.12085295248384627,0.2572798700699523,0,
DRV00104,2024-08-01,0.020567061,0,0.0027463312178803,0.2259527117439961,0.234126671837583,0.12084819394986485,0.234126671837583,0,
DRV00061,2024-07-01,0.029647524,0,0.0134469363767484,0.189247914376336,0.2500928973741834,0.12060881803181694,0.2500928973741834,0,
DRV00030,2024-07-01,0.021312153,0,0.0065033341064797,0.215727559042844,0.2381920093752784,0.12043376388115053,0.2381920093752784,0,
DRV00109,2024-05-01,0.06067446,0,0.0311179352555346,0.1779186508430367,0.2095442608530308,0.11981382673790053,0.2095442608530308,0,
DRV00015,2024-08-01,0.12545247,0,0.0170570650826687,0.1244424580179351,0.2113851997649651,0.11958429821639222,0.2113851997649651,0,
DRV00092,2024-06-01,0.007984541,0,0.0081872751072963,0.1478454676346869,0.3132014471010261,0.11930468271075231,0.3132014471010261,0,
DRV00084,2024-09-01,0.018561773,0,0.0064756649271094,0.1818707969872778,0.2702085893384524,0.1192792060632099,0.2702085893384524,0,
DRV00075,2024-08-01,0.036259636,0,0.0104983722748428,0.234040537922455,0.195504836249699,0.11907584561174919,0.234040537922455,0,
DRV00065,2024-08-01,0.025994455,0,0.008196009280058,0.232156192213957,0.2097884668236243,0.11903378082940982,0.232156192213957,0,
DRV00062,2024-06-01,0.048194427,0,0.0131044533289743,0.1977949889466698,0.2166070694907328,0.11892523469159422,0.2166070694907328,0,
DRV00006,2024-05-01,0.015923725,0,0.0199245877534145,0.1754436339317257,0.2642175220592064,0.11887736718608666,0.2642175220592064,0,
DRV00054,2024-04-01,0.018347051,0,0.031326079534972,0.2274207176287075,0.1975824863552291,0.11866908362972714,0.2274207176287075,0,
DRV00118,2024-05-01,0.03151837,0,0.04542603609435,0.2200090869068285,0.1766802842871956,0.11840844432209352,0.2200090869068285,0,
DRV00035,2024-04-01,0.0494002,0,0.0570571183932593,0.0920565950967149,0.2740507388479195,0.11814116308447342,0.2740507388479195,0,
DRV00013,2024-05-01,0.069414824,0,0.0258699252338392,0.1623004168055724,0.2147910554956699,0.11809405538377038,0.2147910554956699,0,
DRV00057,2024-04-01,0.056491353,0,0.0183066200326327,0.2232920644119291,0.1735011583912907,0.11789779895896313,0.2232920644119291,0,
DRV00108,2024-08-01,0.04652528,0,0.0229361468156237,0.1618350044076937,0.2396260328978991,0.11773061603030413,0.2396260328978991,0,
DRV00049,2024-05-01,0.015512711,0,0.0097468037105656,0.2622939535636165,0.1813469505708673,0.11722510471126235,0.2622939535636165,0,
DRV00120,2024-05-01,0.040980592,0,0.0282570619936977,0.1943823052220389,0.2052071187651682,0.11720676949522621,0.2052071187651682,0,
DRV00034,2024-05-01,0.030390093,0,0.0140425638982509,0.205327649256245,0.2182872704420281,0.11701189414913099,0.2182872704420281,0,
DRV00050,2024-05-01,0.012480505,0,0.0087763189221377,0.2040016125736837,0.242200411458583,0.1168647119886011,0.242200411458583,0,
DRV00009,2024-08-01,0.03056742,0,0.0046354346717331,0.126246629944176,0.3055135066355555,0.11674074781286614,0.3055135066355555,0,
DRV00053,2024-04-01,0.021286175,0,0.0036860621377332,0.1668135584553511,0.2751075054828524,0.11672332526898417,0.2751075054828524,0,
DRV00112,2024-06-01,0.085106716,0,0.0313942233534599,0.0940020596017088,0.2562498021462495,0.11668820027535455,0.2562498021462495,0,
DRV00078,2024-09-01,0.014453882,0,0.0028359585712236,0.1820508019635337,0.265122659184191,0.11611582542973707,0.265122659184191,0,
DRV00044,2024-08-01,0.019836174,0,0.0031083263810889,0.2616660657385617,0.1797050571880775,0.11607890582693203,0.2616660657385617,0,
DRV00104,2024-07-01,0.047000244,0,0.0153179230676698,0.1303540645960893,0.2713361556235445,0.11600209682182591,0.2713361556235445,0,
DRV00080,2024-08-01,0.0339152,0,0.021346881345774,0.2018848808146124,0.2065762789694223,0.11593081028245217,0.2065762789694223,0,
DRV00120,2024-07-01,0.039891593,0,0.0205280205160325,0.2260897071115934,0.1767191940787444,0.11580712867659257,0.2260897071115934,0,
DRV00124,2024-04-01,0.07075705,0,0.0278835083073056,0.1851428186060313,0.177370855380379,0.11528855807342897,0.1851428186060313,0,
DRV00025,2024-07-01,0.02820526,0,0.0072879405534142,0.2337317633333634,0.1913525064570763,0.11514436758596347,0.2337317633333634,0,
DRV00121,2024-09-01,0.020853791,0,0.0317044712062674,0.0930842425062113,0.3135351575465885,0.1147944155647668,0.3135351575465885,0,
DRV00075,2024-06-01,0.019816853,0,0.0299898533934975,0.1564222371179742,0.2525137888581042,0.11468568309239398,0.2525137888581042,0,
DRV00006,2024-08-01,0.014665888,0,0.0356647776996187,0.0753175334836567,0.3329822461913273,0.11465761134365068,0.3329822461913273,0,
DRV00043,2024-07-01,0.028684571,1,0.0016838707005738,0.1443532047634862,0.2837443451143712,0.11461649789460779,0.2837443451143712,0,
DRV00124,2024-05-01,0.021072188,0,0.0049152819079194,0.2785071156831123,0.1539146450209206,0.11460230765298807,0.2785071156831123,0,
DRV00088,2024-05-01,0.018775957,1,0.0830035561908213,0.0713956247171642,0.2840927394984766,0.11431696935161552,0.2840927394984766,0,
DRV00032,2024-04-01,0.012266584,0,0.0050562347488481,0.2158201425140629,0.223854908699761,0.114249467490668,0.223854908699761,0,
DRV00039,2024-07-01,0.011150406,0,0.0169774906364044,0.2309258691301951,0.1974751607733912,0.11413223163499767,0.2309258691301951,0,
DRV00016,2024-08-01,0.067001045,0,0.0097689908481129,0.1561490712222684,0.2233078151919484,0.11405673056558242,0.2233078151919484,0,
DRV00092,2024-08-01,0.064123325,0,0.0122537639988955,0.1840831881674232,0.1949814623246837,0.1138604348727506,0.1949814623246837,0,
DRV00071,2024-06-01,0.016441157,0,0.0056062048122213,0.276066873975185,0.1573064421187918,0.11385516947654951,0.276066873975185,0,
DRV00057,2024-08-01,0.06137198,0,0.0113278407084073,0.1899448317109989,0.1910843826362645,0.11343225876391769,0.1910843826362645,0,
DRV00003,2024-04-01,0.08675169,0,0.0118784943915948,0.1036433532085411,0.2514072329756141,0.1134201926439375,0.2514072329756141,0,
DRV00122,2024-09-01,0.004442412,0,0.0009291526816116,0.1843563359383799,0.2595603725723652,0.11232206829808918,0.2595603725723652,0,
DRV00113,2024-08-01,0.009972431,0,0.0167558473177706,0.1163803190471955,0.3060182040362248,0.11228170035029772,0.3060182040362248,0,
DRV00016,2024-09-01,0.060601983,0,0.0103913190619607,0.0945960463833764,0.2832224015476776,0.11220293749825366,0.2832224015476776,0,
DRV00123,2024-07-01,0.09882337,0,0.0204066349999603,0.0810365455640069,0.2480585634311864,0.1120812784987884,0.2480585634311864,0,
DRV00094,2024-09-01,0.06566552,0,0.0350487824065676,0.1335142407729242,0.2140370715720383,0.11206640368788254,0.2140370715720383,0,
DRV00041,2024-08-01,0.02957797,0,0.0251836494696259,0.1796441808431165,0.212823811240168,0.1118074028882276,0.212823811240168,0,
DRV00014,2024-08-01,0.052240547,0,0.0196216767360606,0.1213512548940068,0.2520329999925192,0.11131161965564665,0.2520329999925192,0,
DRV00018,2024-09-01,0.009829907,0,0.0139319169505937,0.0532343124747841,0.3644983471239075,0.11037362088732133,0.3644983471239075,0,
DRV00025,2024-08-01,0.028165268,0,0.0312015752650957,0.196322468068889,0.1852752094396852,0.11024113019341747,0.196322468068889,0,
DRV00070,2024-09-01,0.0047587394,0,0.0029701242020075,0.1532819677773141,0.2799514671136777,0.11024057462324982,0.2799514671136777,0,
DRV00015,2024-05-01,0.02622301,0,0.0082194652212959,0.1920271881670398,0.2121024030833022,0.10964301661790947,0.2121024030833022,0,
DRV00017,2024-06-01,0.045066252,0,0.0359121620005889,0.1083791406040295,0.2478978355673356,0.10931384754298851,0.2478978355673356,0,
DRV00009,2024-07-01,0.012859891,0,0.0288845857771318,0.0990869345912129,0.2956826115705531,0.10912850573472445,0.2956826115705531,0,
DRV00074,2024-04-01,0.03338037,1,0.0171403672426012,0.2085581489757263,0.1768596307568626,0.10898462924379754,0.2085581489757263,0,
DRV00024,2024-06-01,0.021635607,0,0.0294021032301391,0.0805283871007586,0.3026502569582874,0.10855408857229627,0.3026502569582874,0,
DRV00017,2024-09-01,0.062325682,0,0.0296210119691207,0.1023941382710004,0.2387293322008275,0.10826754111023715,0.2387293322008275,0,
DRV00114,2024-05-01,0.018140534,0,0.0081016007078671,0.1866413764701629,0.2197605102690198,0.10816100536176246,0.2197605102690198,0,
DRV00091,2024-07-01,0.05019224,0,0.0033946289923295,0.1180592458905535,0.2551978749025977,0.10671099744637018,0.2551978749025977,0,
DRV00061,2024-09-01,0.023219803,0,0.0057687797564325,0.1556990309772604,0.241746681291605,0.10660857375632449,0.241746681291605,0,
DRV00120,2024-06-01,0.02836433,0,0.0207783478937251,0.1750249775534836,0.2018068697809268,0.10649363130703388,0.2018068697809268,0,
DRV00061,2024-06-01,0.015206184,0,0.0143450535925577,0.1616121432118227,0.2347977655258201,0.10649028658255014,0.2347977655258201,0,
DRV00112,2024-07-01,0.023959938,0,0.0075598491067581,0.2129148904482001,0.1799141034885562,0.10608719526087859,0.2129148904482001,0,
DRV00144,2024-04-01,0.020257577,0,0.0121727772371826,0.1333963029025465,0.2579576286863019,0.10594607145650775,0.2579576286863019,0,
DRV00004,2024-05-01,0.04268932,0,0.0261947191846674,0.1008489062803768,0.2540509766121584,0.10594598051930065,0.2540509766121584,0,
DRV00039,2024-09-01,0.016592596,0,0.0103906710231154,0.15549139827855,0.2401952138565441,0.10566746978955238,0.2401952138565441,0,
DRV00061,2024-04-01,0.0045548207,0,0.0045391455497884,0.1161017400664605,0.2947063281355967,0.1049755086129614,0.2947063281355967,0,
DRV00013,2024-04-01,0.044013374,0,0.0134148767404525,0.1328928513502582,0.2272111797194078,0.10438307045252962,0.2272111797194078,0,
DRV00088,2024-04-01,0.03216816,1,0.0310438334001501,0.1020839369222097,0.2513735639670224,0.10416737357234554,0.2513735639670224,0,
DRV00024,2024-09-01,0.031455483,0,0.0289521112831105,0.1525650878681758,0.2022619471304146,0.10380865732042521,0.2022619471304146,0,
DRV00083,2024-05-01,0.009692325,0,0.0090169377678122,0.2019365174860104,0.1938549225904195,0.10362517571106053,0.2019365174860104,0,
DRV00043,2024-06-01,0.017963963,0,0.0052080717353082,0.1872081296459969,0.203747023732844,0.10353179702853726,0.203747023732844,0,
DRV00129,2024-09-01,0.030476512,0,0.0037843689695133,0.1014154575277405,0.2778382484904408,0.10337864674692365,0.2778382484904408,0,
DRV00139,2024-05-01,0.062439956,1,0.0157315604203375,0.1175899487887956,0.2162792313459116,0.10301017413876118,0.2162792313459116,0,
DRV00028,2024-08-01,0.049277876,1,0.0170040788277033,0.1214412424141048,0.2243165947765809,0.10300994800459724,0.2243165947765809,0,
DRV00138,2024-06-01,0.05602704,0,0.0100231496133211,0.1581693177393626,0.1870775277984893,0.10282425878779325,0.1870775277984893,0,
DRV00026,2024-05-01,0.04703402,0,0.0086463160404263,0.1417051749396843,0.213445724025023,0.1027078087512834,0.213445724025023,0,
DRV00081,2024-05-01,0.0032372416,0,0.0097737494029051,0.1567044846355565,0.2400605535855445,0.10244400730600153,0.2400605535855445,0,
DRV00095,2024-06-01,0.054276425,0,0.0374265721150655,0.1136653300987958,0.2038847209878362,0.10231326205042438,0.2038847209878362,0,
DRV00095,2024-07-01,0.030932978,0,0.0331912095301961,0.1367148265935057,0.2077026075289156,0.10213540541315436,0.2077026075289156,0,
DRV00125,2024-06-01,0.046419557,0,0.011124100409363,0.1439370376952412,0.2068627075538012,0.10208585066460135,0.2068627075538012,0,
DRV00082,2024-08-01,0.0019483699,0,0.0014733838740607,0.1504728822334534,0.2530495884275932,0.10173605610877681,0.2530495884275932,0,
DRV00047,2024-05-01,0.03612264,0,0.0141352111657879,0.0988056146326694,0.2578236482665788,0.10172177851625902,0.2578236482665788,0,
DRV00036,2024-06-01,0.089764714,0,0.018111304227402,0.042850513925392,0.2557656441351544,0.1016230440719871,0.2557656441351544,0,
DRV00104,2024-09-01,0.042236023,0,0.0079911181911615,0.1370459379753777,0.2163794369856485,0.10091312903804692,0.2163794369856485,0,
DRV00006,2024-07-01,0.00889241,0,0.0055182574225028,0.1030644832112531,0.2832984764890942,0.10019340678071252,0.2832984764890942,0,
DRV00053,2024-08-01,0.013694926,0,0.0252887673029468,0.154673567225175,0.2069914958974819,0.10016218910640093,0.2069914958974819,0,
DRV00127,2024-05-01,0.010695367,0,0.0440099155556983,0.1979146558377561,0.1478641454529956,0.1001210209616125,0.1979146558377561,0,
DRV00069,2024-04-01,0.05770767,0,0.0477176167523493,0.1226088214009161,0.1712133787046386,0.099811871714476,0.1712133787046386,0,
DRV00109,2024-07-01,0.12078838,0,0.0182794321118818,0.1244572816865625,0.1347339219333712,0.09956475393295387,0.1347339219333712,0,
DRV00033,2024-06-01,0.0114938645,0,0.0014676035540203,0.0753513650585205,0.3098027428014829,0.09952889397850592,0.3098027428014829,0,
DRV00017,2024-08-01,0.03407697,0,0.012264174440883,0.1449895038750082,0.2050660970983822,0.09909918635356835,0.2050660970983822,0,
DRV00041,2024-05-01,0.03340434,0,0.0337470450671909,0.1321405936844877,0.1959048324594601,0.09879920280278467,0.1959048324594601,0,
DRV00117,2024-09-01,0.01352686,0,0.0035461791352202,0.1049485867964468,0.2725500005537947,0.09864290662136542,0.2725500005537947,0,
DRV00014,2024-06-01,0.09050639,0,0.0340351833936144,0.0389470555512744,0.229434674876068,0.0982308259552392,0.229434674876068,0,
DRV00054,2024-07-01,0.01635637,0,0.0094242309107397,0.207413330580665,0.1597164196707029,0.0982275877905269,0.207413330580665,0,
DRV00056,2024-09-01,0.036190838,0,0.0113984764669217,0.1426521557159072,0.2015547180993589,0.09794904707054694,0.2015547180993589,0,
DRV00083,2024-07-01,0.01688978,0,0.0050273501253924,0.1562433889284981,0.2130898901280458,0.09781260229548408,0.2130898901280458,0,
DRV00039,2024-06-01,0.10688046,0,0.0082761930533778,0.0722375921325622,0.2031045985419241,0.09762471093196602,0.2031045985419241,0,
DRV00026,2024-07-01,0.04126598,0,0.0159541268716281,0.1422519780163959,0.1908181986613945,0.09757257088735463,0.1908181986613945,0,
DRV00043,2024-05-01,0.04592062,0,0.0142432024201952,0.1545167079647569,0.1743294503785514,0.09725249519087588,0.1743294503785514,0,
DRV00074,2024-08-01,0.004749859,0,0.0055828554858213,0.0587134957855974,0.3199566367960839,0.09725071176687564,0.3199566367960839,0,
DRV00111,2024-09-01,0.006510719,0,0.0053627063450091,0.2225166534170894,0.1534939814812117,0.09697101506082756,0.2225166534170894,0,
DRV00149,2024-06-01,0.01682672,0,0.010241121365685,0.0625598213096494,0.2981499129798021,0.09694439391378412,0.2981499129798021,0,
DRV00082,2024-06-01,0.0015212339,0,0.003279515694645,0.0728372967472265,0.3096404605475236,0.09681962672234877,0.3096404605475236,0,
DRV00098,2024-08-01,0.005392963,1,0.001391287393094,0.1081203948904382,0.2722401805019742,0.09678620644637659,0.2722401805019742,0,
DRV00066,2024-05-01,0.049424697,0,0.006226465461211,0.1031086727155659,0.2280510777338701,0.09670272822766174,0.2280510777338701,0,
DRV00004,2024-04-01,0.060302276,0,0.0256941359454447,0.0936629296565312,0.2063450811041494,0.09650110567653132,0.2063450811041494,0,
DRV00005,2024-09-01,0.006231906,0,0.0026664708824392,0.0915669774034156,0.2854711642937919,0.09648412964491167,0.2854711642937919,0,
DRV00145,2024-08-01,0.096526586,0,0.0111164014475749,0.0974242314853974,0.1806363486205645,0.0964258918883842,0.1806363486205645,0,
DRV00070,2024-08-01,0.0054004625,0,0.0050073504064872,0.0804798552992552,0.2932781783492286,0.09604146163874275,0.2932781783492286,0,
DRV00144,2024-08-01,0.07607647,0,0.0166718544216382,0.118655645175295,0.1726688478967947,0.09601820437343198,0.1726688478967947,0,
DRV00092,2024-04-01,0.010406418,0,0.004292042200001,0.1363272276560952,0.2327463194556758,0.095943001827943,0.2327463194556758,0,
DRV00062,2024-07-01,0.013712391,0,0.0046576097150536,0.1914510493295578,0.1734513854629001,0.09581810887687787,0.1914510493295578,0,
DRV00013,2024-06-01,0.022855217,0,0.0058755627772921,0.1162990937931917,0.2368270104402069,0.09546422100267268,0.2368270104402069,0,
DRV00145,2024-09-01,0.06652297,0,0.0345094057452616,0.0893655648509977,0.1907124101831457,0.09527758769485126,0.1907124101831457,0,
DRV00030,2024-06-01,0.018063685,0,0.0088799588095285,0.1085108642548504,0.245322032133942,0.09519413504958021,0.245322032133942,0,
DRV00148,2024-09-01,0.028347192,0,0.0336864446335089,0.0535060800271205,0.2645217076953547,0.09501535608899603,0.2645217076953547,0,
DRV00064,2024-09-01,0.027990533,0,0.0096293828705124,0.1544063666193191,0.1877180568262711,0.09493608482902566,0.1877180568262711,0,
DRV00082,2024-07-01,0.008475236,0,0.0054932108192655,0.1199787636305051,0.2447770643451139,0.09468106869872112,0.2447770643451139,0,
DRV00130,2024-08-01,0.043849573,0,0.0166504902331864,0.0770261151534422,0.2411403431378573,0.09466663038112147,0.2411403431378573,0,
DRV00102,2024-04-01,0.021764657,0,0.0053503134449885,0.2147626852607982,0.1362039029023162,0.09452038965202572,0.2147626852607982,0,
DRV00022,2024-06-01,0.08625507,0,0.0064544240642686,0.0898250137530287,0.1948432192903813,0.09434443177691965,0.1948432192903813,0,
DRV00022,2024-08-01,0.03185143,0,0.0045442758182567,0.1138547870121837,0.2263651690251265,0.09415391546389172,0.2263651690251265,0,
DRV00033,2024-08-01,0.014395806,0,0.0295670977892915,0.0859074052933345,0.2466473429437688,0.0941294130065987,0.2466473429437688,0,
DRV00045,2024-09-01,0.056204014,0,0.000726495658137,0.1499039658531857,0.1652660846308691,0.09302514003554793,0.1652660846308691,0,
DRV00055,2024-08-01,0.065740146,0,0.0164998645074668,0.1249043283444874,0.1642728317722559,0.09285429265605252,0.1642728317722559,0,
DRV00039,2024-05-01,0.03835637,0,0.0076552137599094,0.1434249031634067,0.1808539597992942,0.09257261168065258,0.1808539597992942,0,
DRV00025,2024-05-01,0.015565422,0,0.0045735657774358,0.1281057220702691,0.2200211804880169,0.09206647258393044,0.2200211804880169,0,
DRV00063,2024-04-01,0.025993241,0,0.0032208505882449,0.1873718560261354,0.1510514831322527,0.09190935768665826,0.1873718560261354,0,
DRV00029,2024-07-01,0.018407678,0,0.000442821677144,0.1412559886729395,0.2062491244554849,0.0915889032013921,0.2062491244554849,0,
DRV00081,2024-04-01,0.013366865,0,0.0170085226950174,0.1026012478033084,0.231793502610897,0.0911925345273057,0.231793502610897,0,
DRV00043,2024-04-01,0.007806982,0,0.0054681618183763,0.1607250238393538,0.1895305511527003,0.0908826797026076,0.1895305511527003,0,
DRV00147,2024-04-01,0.029375441,0,0.0118848342658325,0.0522212169234066,0.2700136163016621,0.09087377712272529,0.2700136163016621,0,
DRV00001,2024-08-01,0.012830391,0,0.0034167817725399,0.1694614886216699,0.1770744115071607,0.09069576822534262,0.1770744115071607,0,
DRV00055,2024-09-01,0.061304774,0,0.0033536393806223,0.1359243188625751,0.1617148210103082,0.0905743883133764,0.1617148210103082,0,
DRV00014,2024-04-01,0.029641742,0,0.0088230395710459,0.0908359239484871,0.232866678193768,0.09054184592832525,0.232866678193768,0,
DRV00102,2024-09-01,0.049607165,1,0.0158334023714944,0.1667961734925908,0.1289689987689745,0.09030143490826492,0.1667961734925908,0,
DRV00019,2024-09-01,0.002276514,0,0.0018806329123212,0.1681287980779365,0.186896456654533,0.08979560041119766,0.186896456654533,0,
DRV00039,2024-08-01,0.025801511,0,0.0011657223151501,0.1293892545238003,0.2024341978133783,0.08969767141308217,0.2024341978133783,0,
DRV00141,2024-09-01,0.008737014,1,0.0100071720568213,0.0582163826156862,0.2817037367963764,0.08966607636722097,0.2817037367963764,0,
DRV00092,2024-09-01,0.030919822,0,0.0057550106142572,0.1963235248356563,0.1255401189067997,0.0896346190891783,0.1963235248356563,0,
DRV00047,2024-08-01,0.023143277,0,0.0035363267673445,0.1781515308797167,0.1524343129598739,0.08931636190173377,0.1781515308797167,0,
DRV00148,2024-08-01,0.040346038,0,0.0172148489308469,0.0744515926733519,0.2248668415101104,0.0892198302785773,0.2248668415101104,0,
DRV00080,2024-06-01,0.0073705097,0,0.0030257801486552,0.1360977320679308,0.2096010457443074,0.08902376691522335,0.2096010457443074,0,
DRV00149,2024-07-01,0.025217466,0,0.0063648726051575,0.0653332307787695,0.2587140360102723,0.08890740134854982,0.2587140360102723,0,
DRV00041,2024-07-01,0.033344384,0,0.0178429327082674,0.1275972911379563,0.1752839833890285,0.08851714780881305,0.1752839833890285,0,
DRV00011,2024-06-01,0.00401024,0,0.0153291083572082,0.1161843271052271,0.2185240734512927,0.08851193722843201,0.2185240734512927,0,
DRV00016,2024-04-01,0.0111819105,0,0.0063899180686889,0.0914941538283368,0.2444917769210552,0.08838943982952022,0.2444917769210552,0,
DRV00017,2024-07-01,0.03710162,0,0.0348513439209001,0.0706013660935074,0.2107400199869354,0.08832358750033573,0.2107400199869354,0,
DRV00103,2024-06-01,0.03452699,0,0.0180315769284928,0.089728266259279,0.2082578016860165,0.08763615871844707,0.2082578016860165,0,
DRV00034,2024-07-01,0.022798603,0,0.0019248770373761,0.1484644618670341,0.1772199544538821,0.08760197408957307,0.1772199544538821,0,
DRV00149,2024-08-01,0.018670637,0,0.027205836242469,0.0557325311179961,0.2481109960233977,0.0874300000959657,0.2481109960233977,0,
DRV00030,2024-08-01,0.03820369,0,0.012302257722634,0.1153277580154588,0.182559499529176,0.0870983013168172,0.182559499529176,0,
DRV00047,2024-06-01,0.006517774,0,0.012099328006538,0.0797387450704157,0.2499000831173685,0.08706398254858055,0.2499000831173685,0,
DRV00084,2024-05-01,0.00720449,0,0.0020413505557359,0.1618026641794288,0.1771501689393685,0.08704966841863329,0.1771501689393685,0,
DRV00081,2024-07-01,0.009267444,0,0.0196982914231706,0.1206963582222287,0.1979995028712547,0.08691539912916349,0.1979995028712547,0,
DRV00123,2024-06-01,0.01978794,0,0.013261858007686,0.0904047820842205,0.2241510221627891,0.0869014005636739,0.2241510221627891,0,
DRV00079,2024-08-01,0.014236025,0,0.0162458164748196,0.1358398840082642,0.1808919648583201,0.08680342258535098,0.1808919648583201,0,
DRV00034,2024-04-01,0.037013926,0,0.0129365133936778,0.1241466191608512,0.1728869794301542,0.0867460094961708,0.1728869794301542,0,
DRV00124,2024-07-01,0.006041755,0,0.008321552286567,0.187344055790949,0.1452536879707042,0.08674026276205506,0.187344055790949,0,
DRV00034,2024-08-01,0.01957337,0,0.0143117017566251,0.0976259976798253,0.2152690566982921,0.08669503153368563,0.2152690566982921,0,
DRV00122,2024-05-01,0.014363841,1,0.0012315009040552,0.1131970821614284,0.2172526579819444,0.086511270511857,0.2172526579819444,0,
DRV00029,2024-08-01,0.03603625,0,0.0106028997977225,0.097605763421912,0.2016591565381194,0.08647601743943847,0.2016591565381194,0,
DRV00110,2024-09-01,0.025996061,0,0.0096507840286071,0.1720970638688325,0.1349037892436672,0.0856619245352767,0.1720970638688325,0,
DRV00066,2024-07-01,0.0066342424,1,0.0003445953844557,0.1781974818147972,0.1563451459884072,0.08538036639691503,0.1781974818147972,0,
DRV00059,2024-09-01,0.037261385,0,0.003051208311088,0.1276792214195928,0.1728545181768451,0.08521158322688147,0.1728545181768451,0,
DRV00075,2024-07-01,0.010434687,0,0.0059815517973344,0.1771347845568123,0.1471180438910304,0.08516726681129427,0.1771347845568123,0,
DRV00102,2024-07-01,0.012975076,0,0.002639520655908,0.1597476365600116,0.1650247882079751,0.08509675535597366,0.1650247882079751,0,
DRV00110,2024-06-01,0.011020767,0,0.0459165773818294,0.1218302830243694,0.1579861378850262,0.08418844132280626,0.1579861378850262,0,
DRV00087,2024-08-01,0.031010488,0,0.0050363145123359,0.1051513661289733,0.1952398391096601,0.08410950193774233,0.1952398391096601,0,
DRV00146,2024-08-01,0.024677012,0,0.0191394332171045,0.0532134387469356,0.2386075504294145,0.08390935859836365,0.2386075504294145,0,
DRV00089,2024-09-01,0.0057495977,0,0.0034515378358832,0.1111999520300519,0.2144609606856579,0.08371551206289825,0.2144609606856579,0,
DRV00107,2024-04-01,0.021072399,0,0.0030883526574849,0.1378447349063422,0.1719787386681029,0.0834960563079825,0.1719787386681029,0,
DRV00107,2024-07-01,0.019162044,0,0.0045735006860857,0.1670038461057651,0.142527292970657,0.08331667094062695,0.1670038461057651,0,
DRV00108,2024-04-01,0.004181251,0,0.0023332958913759,0.0849080116822417,0.2410773650939858,0.08312498091690085,0.2410773650939858,0,
DRV00069,2024-07-01,0.057780582,0,0.008645084689694,0.1170223489349479,0.1472371418281561,0.0826712893631995,0.1472371418281561,0,
DRV00015,2024-06-01,0.053921796,0,0.0164412168449243,0.0518746928578848,0.208436898509002,0.08266865105295276,0.208436898509002,0,
DRV00138,2024-08-01,0.04237947,1,0.0288509377842259,0.0854748574763648,0.1738180817577756,0.08263083675459157,0.1738180817577756,0,
DRV00103,2024-08-01,0.016912384,0,0.0063326521189566,0.1585275454767133,0.1467332250040732,0.08212645164993577,0.1585275454767133,0,
DRV00107,2024-06-01,0.01089819,0,0.0043158163350061,0.1327531920758948,0.1801864031445252,0.08203840038885653,0.1801864031445252,0,
DRV00064,2024-05-01,0.027754964,0,0.0138047088272096,0.1131585067589867,0.1732198108141877,0.08198449760009599,0.1732198108141877,0,
DRV00022,2024-09-01,0.012133834,0,0.0203635371532284,0.0920876819962273,0.2023540588433446,0.08173477799820007,0.2023540588433446,0,
DRV00019,2024-07-01,0.006925679,0,0.0045931244228844,0.0460476105397334,0.2667554830929799,0.08108047426389943,0.2667554830929799,0,
DRV00077,2024-07-01,0.018554613,0,0.0064797099103045,0.055734420789539,0.2418339393307091,0.08065067075763815,0.2418339393307091,0,
DRV00074,2024-09-01,0.0054965396,0,0.0043605597498626,0.0688730038181989,0.2431882374198455,0.08047958514697676,0.2431882374198455,0,
DRV00047,2024-09-01,0.016946388,0,0.0016969642303446,0.1655090124223001,0.1376480818990332,0.08045011163791947,0.1655090124223001,0,
DRV00009,2024-04-01,0.013888371,0,0.0014574208450701,0.0939657792264284,0.2123229292501928,0.08040862508042282,0.2123229292501928,0,
DRV00010,2024-05-01,0.02132125,0,0.0477846706095387,0.0561489610262969,0.1961416238090153,0.08034912636121272,0.1961416238090153,0,
DRV00134,2024-09-01,0.006135042,0,0.0376630301911561,0.0669399021463582,0.2083334236306213,0.0797678494920339,0.2083334236306213,0,
DRV00142,2024-07-01,0.032055795,0,0.0083027210738873,0.0941364132948519,0.1844331593434052,0.0797320221780361,0.1844331593434052,0,
DRV00098,2024-09-01,0.008100317,1,0.0028094106285383,0.1031982843254902,0.2031050492327621,0.07930326529669765,0.2031050492327621,0,
DRV00085,2024-05-01,0.015606663,0,0.0078846971213757,0.1145081792154264,0.1788410003368822,0.07921013491842108,0.1788410003368822,0,
DRV00083,2024-08-01,0.021700826,0,0.0079935280278387,0.105800335605602,0.1799280105387993,0.07885567504306,0.1799280105387993,0,
DRV00085,2024-04-01,0.010153442,0,0.0017368614550957,0.0801063570266179,0.2225999739432855,0.07864915860624978,0.2225999739432855,0,
DRV00079,2024-09-01,0.030702325,0,0.009246705667448,0.1326772911534096,0.1417273939448181,0.07858842894141892,0.1417273939448181,0,
DRV00109,2024-06-01,0.012248351,0,0.003937063642933,0.1114583070428965,0.1861230753335185,0.07844169925483699,0.1861230753335185,0,
DRV00112,2024-05-01,0.04887789,0,0.0036644709207784,0.0794235892668654,0.1811344568449614,0.0782751017581513,0.1811344568449614,0,
DRV00045,2024-08-01,0.020976346,0,0.0004015095838382,0.1457719946133179,0.1452022017648228,0.07808801299049473,0.1457719946133179,0,
DRV00055,2024-04-01,0.010668176,0,0.0066424084702091,0.1379820281782376,0.156546258284362,0.07795971773320218,0.156546258284362,0,
DRV00012,2024-07-01,0.016344275,0,0.001472950541775,0.0803919026426648,0.2118463237074065,0.07751386297296158,0.2118463237074065,0,
DRV00126,2024-08-01,0.04377408,0,0.0047461854380737,0.094937459601233,0.1659329803766185,0.07734767635398129,0.1659329803766185,0,
DRV00126,2024-09-01,0.011327919,0,0.0053206965141557,0.1732303314397109,0.119472839556527,0.0773379466275984,0.1732303314397109,0,
DRV00023,2024-08-01,0.005165741,0,0.0059022490671358,0.1358007283288101,0.1624222003700955,0.07732272969151036,0.1624222003700955,0,
DRV00024,2024-04-01,0.004780909,0,0.0262589215745326,0.0573006927110389,0.2205044600839568,0.07721124584238208,0.2205044600839568,0,
DRV00050,2024-06-01,0.010038005,0,0.0044309707395641,0.0673185237133315,0.2270523523905472,0.07720996296086069,0.2270523523905472,0,
DRV00049,2024-09-01,0.010899166,0,0.0115953916035952,0.1180584396084717,0.1678377540065576,0.07709768780465612,0.1678377540065576,0,
DRV00148,2024-06-01,0.05134994,0,0.0050821264403376,0.0519486932837003,0.1996325494155954,0.07700332728490833,0.1996325494155954,0,
DRV00134,2024-05-01,0.010425946,0,0.0027945885363898,0.0641399821808156,0.2293418607879852,0.07667559437629765,0.2293418607879852,0,
DRV00028,2024-07-01,0.022277672,0,0.01701731513698,0.0709734895546378,0.1949321140509444,0.07630014768564056,0.1949321140509444,0,
DRV00109,2024-08-01,0.051592287,0,0.0128642060881064,0.046892640080224,0.1937781572533754,0.07628182260542646,0.1937781572533754,0,
DRV00023,2024-05-01,0.008013518,0,0.0046241163222485,0.1303973692159302,0.1616563454096773,0.076172837236964,0.1616563454096773,0,
DRV00087,2024-05-01,0.0113245435,0,0.0036876225158688,0.1280130222574417,0.1611803231081461,0.07605137784536414,0.1611803231081461,0,
DRV00124,2024-09-01,0.007922415,0,0.003323664688028,0.1011546899894317,0.1915819044328574,0.07599566852757927,0.1915819044328574,0,
DRV00107,2024-09-01,0.020676473,0,0.0096865943577575,0.1314109679970323,0.1421758698664098,0.0759874763052999,0.1421758698664098,0,
DRV00034,2024-06-01,0.009512048,0,0.0048566590573739,0.125282319425827,0.1637346844765643,0.0758464277399413,0.1637346844765643,0,
DRV00138,2024-05-01,0.006475087,0,0.0031767486354058,0.0836568114253997,0.2078060825706758,0.07527868240787032,0.2078060825706758,0,
DRV00091,2024-09-01,0.0035447192,0,0.0007583710512121,0.0843641330816228,0.2103506181179676,0.07475446036270063,0.2103506181179676,0,
DRV00036,2024-05-01,0.03134848,0,0.0069353798744937,0.0261303753993765,0.234539746821778,0.07473849552391204,0.234539746821778,0,
DRV00024,2024-05-01,0.0037340613,0,0.0102466044052972,0.0700197781430849,0.2141526833018193,0.07453828178755034,0.2141526833018193,0,
DRV00037,2024-08-01,0.0077376757,0,0.0036246026614579,0.063053783532741,0.2223791215814776,0.07419879586891913,0.2223791215814776,0,
DRV00126,2024-04-01,0.022854103,0,0.0066001993180226,0.1094572724377343,0.1563925226063105,0.07382602434051685,0.1563925226063105,0,
DRV00142,2024-06-01,0.061430544,0,0.0205008655254512,0.060482020048832,0.1518348635167383,0.07356207327275538,0.1518348635167383,0,
DRV00125,2024-07-01,0.009836462,0,0.0015464581139973,0.1248662884411535,0.1577409532116753,0.07349754044170653,0.1577409532116753,0,
DRV00120,2024-09-01,0.0014071267,0,0.0005090606763845,0.1212665670150759,0.1707056916579682,0.07347211151235715,0.1707056916579682,0,
DRV00020,2024-05-01,0.006409783,0,0.0060500174529898,0.0780324684143973,0.2027760161774768,0.07331707126121598,0.2027760161774768,0,
DRV00144,2024-09-01,0.061812725,0,0.0017364422488962,0.0740895978344396,0.1552656101093796,0.07322609379817885,0.1552656101093796,0,
DRV00127,2024-09-01,0.029618498,1,0.0511893433786448,0.0699323088968159,0.1420924726973187,0.07320815574319485,0.1420924726973187,0,
DRV00014,2024-07-01,0.016467249,0,0.0049708197899791,0.0762372332206919,0.1950665886435365,0.07318547266355187,0.1950665886435365,0,
DRV00071,2024-09-01,0.012482685,0,0.0079027253196968,0.1296173535809213,0.1418186130308345,0.07295534423286315,0.1418186130308345,0,
DRV00059,2024-04-01,0.003320562,0,0.0037258579789052,0.0342096139052962,0.2504652236385884,0.07293031438069746,0.2504652236385884,0,
DRV00055,2024-05-01,0.053755324,0,0.0107118519333049,0.0730752326831926,0.1536693676639559,0.07280294407011334,0.1536693676639559,0,
DRV00097,2024-08-01,0.0077811587,0,0.0014265483328622,0.1027849003431904,0.179185872959002,0.07279462008376365,0.179185872959002,0,
DRV00022,2024-04-01,0.039655395,0,0.0086089050433544,0.0793796048224574,0.1633425951325173,0.07274662499958227,0.1633425951325173,0,
DRV00112,2024-08-01,0.008841098,0,0.0028331135089198,0.0977846655074243,0.1815076306837704,0.07274162692502863,0.1815076306837704,0,
DRV00055,2024-07-01,0.017350215,0,0.0041984961322687,0.1371236645864657,0.1313033761267121,0.07249393796136162,0.1371236645864657,0,
DRV00066,2024-04-01,0.008869193,0,0.0006659361013948,0.1006495131660876,0.1789390400397276,0.0722809205768025,0.1789390400397276,0,
DRV00091,2024-08-01,0.00812049,0,0.0007200488062787,0.0972921060303066,0.1826383202192107,0.072192741263949,0.1826383202192107,0,
DRV00125,2024-08-01,0.009463964,0,0.0019508816296898,0.1644277963503872,0.1125745580976997,0.07210430001944418,0.1644277963503872,0,
DRV00080,2024-07-01,0.007832343,0,0.0076552185124929,0.0533415787922856,0.2193974763434899,0.07205665416206711,0.2193974763434899,0,
DRV00081,2024-09-01,0.0074376315,0,0.0009114234666271,0.1362231650899511,0.1419637952380443,0.07163400382365563,0.1419637952380443,0,
DRV00025,2024-09-01,0.0047928146,0,0.0153700576726788,0.0681288831984406,0.1980956297581803,0.07159684630732492,0.1980956297581803,0,
DRV00029,2024-06-01,0.008377395,0,0.0040882563496749,0.1050634515684435,0.1676560142735056,0.071296279297906,0.1676560142735056,0,
DRV00025,2024-04-01,0.009721073,0,0.0039453009140613,0.0805936002790429,0.1896089085766239,0.07096722069243203,0.1896089085766239,0,
DRV00150,2024-06-01,0.012027251,0,0.0177462595798445,0.0384805211195225,0.2150193260193411,0.07081833942967702,0.2150193260193411,0,
DRV00033,2024-09-01,0.0042401557,0,0.0090368050266408,0.0309305562133278,0.2380279840291179,0.07055887524227163,0.2380279840291179,0,
DRV00087,2024-04-01,0.006286249,0,0.0027672539568859,0.0794611753234946,0.1936357562069821,0.07053760862184065,0.1936357562069821,0,
DRV00049,2024-08-01,0.027793793,0,0.0017491314967482,0.1117995160997497,0.1403869599898645,0.0704323501465906,0.1403869599898645,0,
DRV00020,2024-04-01,0.0022665565,0,0.0041569336655073,0.0234941679561464,0.2509982171711452,0.07022896882319972,0.2509982171711452,0,
DRV00102,2024-08-01,0.018395826,0,0.0012013308710228,0.0981636754779711,0.1618454618980802,0.06990157356176852,0.1618454618980802,0,
DRV00107,2024-05-01,0.0034420073,0,0.0005762092129813,0.1066533046534856,0.1688233487555969,0.06987371748051595,0.1688233487555969,0,
DRV00025,2024-06-01,0.013057677,0,0.0054329551307319,0.1092450490838621,0.1511491816032858,0.06972121570446996,0.1511491816032858,0,
DRV00126,2024-06-01,0.018758025,0,0.0045256249732454,0.0900096563011799,0.1655588180322701,0.06971303107667384,0.1655588180322701,0,
DRV00085,2024-09-01,0.0057867584,0,0.0045629027540165,0.0326483247859016,0.2356667656244577,0.06966618789109395,0.2356667656244577,0,
DRV00145,2024-06-01,0.022251856,0,0.0170777155048059,0.0809968457458864,0.1575881245204322,0.06947863544278113,0.1575881245204322,0,
DRV00055,2024-06-01,0.015139513,0,0.0035486225828688,0.0900457947930704,0.1669481041912845,0.06892050864180593,0.1669481041912845,0,
DRV00032,2024-09-01,0.017470848,0,0.0093709641113018,0.0979316883654741,0.1503199639925806,0.06877336611733913,0.1503199639925806,0,
DRV00034,2024-09-01,0.015847592,0,0.0045425461851168,0.1161438697163402,0.1378771659285067,0.06860279345749093,0.1378771659285067,0,
DRV00146,2024-07-01,0.009993821,0,0.0013324177061013,0.0932859624962253,0.1696245450207414,0.068559186555767,0.1696245450207414,0,
DRV00134,2024-04-01,0.024357948,0,0.0007451522988354,0.040782464411613,0.208193713254813,0.06851981949131536,0.208193713254813,0,
DRV00011,2024-07-01,0.008034264,0,0.0008960713948712,0.0646261993060637,0.1980856976941456,0.06791055809877013,0.1980856976941456,0,
DRV00087,2024-06-01,0.006439771,0,0.0126982826301549,0.0933473051365731,0.1585059572143828,0.0677478289952777,0.1585059572143828,0,
DRV00148,2024-07-01,0.005833486,0,0.0011773833822622,0.0474142525442086,0.2162288399665146,0.06766349047324635,0.2162288399665146,0,
DRV00118,2024-08-01,0.0022373185,1,0.000410771933726,0.1015922412890455,0.1662828162372701,0.0676307869900104,0.1662828162372701,0,
DRV00111,2024-08-01,0.008161941,0,0.0083300105550282,0.0942388682327999,0.1595216524934788,0.06756311807032672,0.1595216524934788,0,
DRV00123,2024-04-01,0.010894422,0,0.002942098025519,0.0705775729342851,0.1848405028145527,0.0673136489435892,0.1848405028145527,0,
DRV00020,2024-06-01,0.007407707,0,0.0072474221721405,0.066461469821521,0.1877806372726005,0.0672243090665655,0.1877806372726005,0,
DRV00029,2024-04-01,0.03690967,0,0.0098580282826708,0.0748382375217158,0.147145153591151,0.0671877723488844,0.147145153591151,0,
DRV00063,2024-09-01,0.0083577065,0,0.0007176057311462,0.1278140337090396,0.130739208416816,0.06690713858925044,0.130739208416816,0,
DRV00149,2024-05-01,0.012977616,0,0.005868659193197,0.0159727040099856,0.2314611734035309,0.06657003815167838,0.2314611734035309,0,
DRV00146,2024-06-01,0.0061559756,0,0.0010234189935311,0.067873207335692,0.1910562435047186,0.06652721135848542,0.1910562435047186,0,
DRV00083,2024-09-01,0.012109406,0,0.0071963550843619,0.0570519432314985,0.1897383702708477,0.06652401864667702,0.1897383702708477,0,
DRV00146,2024-05-01,0.0034651717,0,0.0030087568968146,0.0463945037109245,0.2132249762367769,0.066523352136129,0.2132249762367769,0,
DRV00112,2024-09-01,0.013288936,0,0.0014937066969488,0.0875406931892904,0.1630099022955355,0.06633330954544367,0.1630099022955355,0,
DRV00145,2024-07-01,0.021060782,0,0.0135583499317556,0.0785163842336476,0.1519423130002975,0.06626945729142518,0.1519423130002975,0,
DRV00044,2024-06-01,0.013458041,0,0.0078238566852808,0.0397275604515512,0.2027604400442896,0.0659424745452804,0.2027604400442896,0,
DRV00035,2024-07-01,0.015533889,0,0.0013285209655675,0.0493521356630601,0.1963858461661511,0.06565009794869467,0.1963858461661511,0,
DRV00019,2024-05-01,0.016256988,0,0.0057367638962194,0.0646879389431689,0.1747190464557776,0.06535018432379147,0.1747190464557776,0,
DRV00079,2024-06-01,0.0059267217,0,0.0076163639643017,0.0996213229269116,0.1472059543700168,0.06509259074030752,0.1472059543700168,0,
DRV00087,2024-09-01,0.017626438,0,0.0035335711594191,0.0641874884426924,0.17284061410146,0.06454702792589287,0.17284061410146,0,
DRV00044,2024-05-01,0.01996281,0,0.005921431351599,0.0359708195638694,0.1960650683893804,0.0644800323262122,0.1960650683893804,0,
DRV00019,2024-08-01,0.003034322,0,0.0014287621728509,0.0629639161078615,0.1903894253988619,0.06445410641989358,0.1903894253988619,0,
DRV00128,2024-04-01,0.013136315,0,0.0171774925424008,0.0288793884132238,0.1984694704934397,0.06441566661226607,0.1984694704934397,0,
DRV00028,2024-09-01,0.0037907173,1,0.0057037578841283,0.0656170688925462,0.1818586372817347,0.0642425453396023,0.1818586372817347,0,
DRV00059,2024-08-01,0.0070570293,0,0.0011249106337003,0.0680285963668142,0.179108249658482,0.06382969648974912,0.179108249658482,0,
DRV00035,2024-09-01,0.0119739985,0,0.005586953415874,0.0476236081046152,0.1896808915533985,0.06371636289347193,0.1896808915533985,0,
DRV00120,2024-04-01,0.0020076977,0,0.0069939482697514,0.0683492237196952,0.1749642709030449,0.06307878514812287,0.1749642709030449,0,
DRV00079,2024-05-01,0.004131825,0,0.0008759618460859,0.0970171584120672,0.150103132794432,0.06303201951314627,0.150103132794432,0,
DRV00126,2024-07-01,0.02097072,0,0.0103685235058057,0.0648393273531551,0.1552362087017143,0.06285369489016879,0.1552362087017143,0,
DRV00146,2024-09-01,0.011207341,0,0.007235138856816,0.0672806184817225,0.1642761071899263,0.0624998013821162,0.1642761071899263,0,
DRV00125,2024-09-01,0.0084841885,0,0.0012672748357353,0.1146721433063965,0.1242809663151668,0.06217614323932465,0.1242809663151668,0,
DRV00147,2024-05-01,0.0045802034,0,0.0038309702829779,0.0275753944893969,0.2116923242042171,0.06191972309414798,0.2116923242042171,0,
DRV00015,2024-04-01,0.021731095,0,0.0064714636426777,0.0226635597212917,0.1966628598280389,0.06188224454800208,0.1966628598280389,0,
DRV00030,2024-04-01,0.010736211,0,0.0051970855574835,0.0674705603434287,0.1616198195288658,0.061255919107444504,0.1616198195288658,0,
DRV00047,2024-07-01,0.006557095,0,0.0029073286216301,0.0765529838628158,0.1587008292158336,0.06117955917506987,0.1587008292158336,0,
DRV00128,2024-07-01,0.008857836,0,0.0068919717343516,0.0859034462009731,0.1421015799550811,0.06093870847260145,0.1421015799550811,0,
DRV00123,2024-05-01,0.013876282,0,0.0023110535261459,0.0801199190130252,0.1464049599130023,0.060678053613043355,0.1464049599130023,0,
DRV00080,2024-04-01,0.026852455,0,0.003587939509884,0.0503888252473866,0.1616875313365162,0.0606291877734467,0.1616875313365162,0,
DRV00020,2024-07-01,0.0010308321,0,0.0017097057594042,0.0301745237216998,0.2070932616726941,0.06000208081344952,0.2070932616726941,0,
DRV00054,2024-06-01,0.0035312271,0,0.0035725500736559,0.040998795629634,0.1912730234854675,0.05984389907218936,0.1912730234854675,0,
DRV00146,2024-04-01,0.0030682671,0,0.0035898504750522,0.0319548772714819,0.2006829317453373,0.05982398164796785,0.2006829317453373,0,
DRV00085,2024-08-01,0.0020318504,0,0.0003556665332355,0.0307810142245723,0.2056331646927539,0.05970042396264042,0.2056331646927539,0,
DRV00020,2024-09-01,0.006753505,0,0.0012196958496541,0.040504262882344,0.1883523422514821,0.05920745149587005,0.1883523422514821,0,
DRV00054,2024-08-01,0.0075756777,0,0.0062411609368446,0.0471585663336368,0.1753927822309467,0.059092046800357026,0.1753927822309467,0,
DRV00036,2024-04-01,0.02119025,0,0.0128646404959094,0.0332712633772525,0.1684620982010836,0.058947063018561376,0.1684620982010836,0,
DRV00078,2024-07-01,0.024429653,0,0.0076176323030893,0.0496349491637092,0.1533073337881133,0.05874739206372795,0.1533073337881133,0,
DRV00142,2024-04-01,0.008691157,0,0.0082670707997979,0.080932928168352,0.1365083929085632,0.058599887219178276,0.1365083929085632,0,
DRV00043,2024-08-01,0.018360903,1,0.0022636493816145,0.0886036162109304,0.1240253221320568,0.05831337268115042,0.1240253221320568,0,
DRV00084,2024-08-01,0.013915342,0,0.0011200928582004,0.0529329868953964,0.1651283320185762,0.05827418844304325,0.1651283320185762,0,
DRV00019,2024-06-01,0.002220953,0,0.0004727086168926,0.0727849798830274,0.1568316539992483,0.05807757387479208,0.1568316539992483,0,
DRV00071,2024-04-01,0.0018249308,0,0.0013670542770132,0.098271458265476,0.1304875886070253,0.057987757987378624,0.1304875886070253,0,
DRV00030,2024-05-01,0.005315913,0,0.006584392678694,0.0428894508482717,0.1760245067282429,0.05770356581380215,0.1760245067282429,0,
DRV00079,2024-07-01,0.007586929,0,0.0061915407159261,0.0664233351226368,0.1490533153574243,0.0573137800489968,0.1490533153574243,0,
DRV00071,2024-08-01,0.0056421706,0,0.0026871120537017,0.0607286298109229,0.1596723934807714,0.057182576486349,0.1596723934807714,0,
DRV00023,2024-04-01,0.005624275,0,0.0032332409198584,0.0412802661294927,0.1779972852546239,0.05703376682599375,0.1779972852546239,0,
DRV00110,2024-08-01,0.0053047272,0,0.0039404691126767,0.0353414014380728,0.1831431586094792,0.05693243909005717,0.1831431586094792,0,
DRV00035,2024-06-01,0.00632284,0,0.00163966494897,0.0369222894849533,0.1789599143537256,0.055961177196912223,0.1789599143537256,0,
DRV00024,2024-07-01,0.0011868338,0,0.0051367565765242,0.0693601413962097,0.1469208928462677,0.0556511561547504,0.1469208928462677,0,
DRV00009,2024-05-01,0.006154584,0,0.0040709365763906,0.0246728177051454,0.1869974113061354,0.05547393739691785,0.1869974113061354,0,
DRV00059,2024-05-01,0.012921392,0,0.0022586513208271,0.0412970777404154,0.1653652349194015,0.055460588995161,0.1653652349194015,0,
DRV00103,2024-09-01,0.0027014178,0,0.0013267233461573,0.064184004282748,0.1510815956986558,0.05482343528189028,0.1510815956986558,0,
DRV00127,2024-06-01,0.0042302436,0,0.0065687291397414,0.0779600121845125,0.1302126274271814,0.05474290308785883,0.1302126274271814,0,
DRV00018,2024-04-01,0.012244452,1,0.0054560065829205,0.0600750495882665,0.1410459356221285,0.054705360948328875,0.1410459356221285,0,
DRV00044,2024-09-01,0.031575244,0,0.0049054748657477,0.0507961202821467,0.130715082050857,0.05449798029968785,0.130715082050857,0,
DRV00045,2024-06-01,0.0039434494,0,0.0015594617161883,0.0379310233302175,0.1732918605797805,0.054181448756546575,0.1732918605797805,0,
DRV00085,2024-06-01,0.0048638755,0,0.0014937479206591,0.0455940289913577,0.163823498518356,0.0539437877325932,0.163823498518356,0,
DRV00123,2024-09-01,0.0067024375,0,0.0088632771624084,0.0297299584144775,0.1685220797419072,0.05345443820469827,0.1685220797419072,0,
DRV00081,2024-08-01,0.0018725992,0,0.0018477579003155,0.0736613590738775,0.1356505751355857,0.05325807282744467,0.1356505751355857,0,
DRV00081,2024-06-01,0.0011178831,0,0.0025137118685228,0.0771925983185916,0.1317649979824459,0.053147297817390075,0.1317649979824459,0,
DRV00023,2024-06-01,0.0035999701,0,0.0032559169888856,0.034287370934913,0.1698409281049573,0.05274604653218897,0.1698409281049573,0,
DRV00065,2024-09-01,0.00555078,0,0.0045406735119133,0.0605847528673486,0.1391560514303443,0.052458064452401545,0.1391560514303443,0,
DRV00128,2024-05-01,0.0125539135,0,0.0030360337344117,0.0534001265934167,0.1408179143284866,0.05245199703907875,0.1408179143284866,0,
DRV00142,2024-09-01,0.0486106,0,0.0032175814106509,0.0247722813782292,0.1293148242918407,0.051478821770180205,0.1293148242918407,0,
DRV00126,2024-05-01,0.0073263217,0,0.0086306484321894,0.0296293887143482,0.1570852407247971,0.05066789989283367,0.1570852407247971,0,
DRV00122,2024-04-01,0.003334442,1,0.0016353478881176,0.0284850776131668,0.1662321437585819,0.04992175281496657,0.1662321437585819,0,
DRV00023,2024-07-01,0.006454842,0,0.0032061622493008,0.0509814974265017,0.138847014204676,0.04987237897011962,0.138847014204676,0,
DRV00069,2024-08-01,0.006362573,0,0.0017040036993438,0.0948820017499597,0.0956037907287964,0.049638092294524976,0.0956037907287964,0,
DRV00114,2024-06-01,0.0007186688,0,0.000495283360166,0.0592720229768878,0.1355655848799258,0.0490128900042449,0.1355655848799258,0,
DRV00079,2024-04-01,0.0006227354,0,0.0007354658178772,0.0602161783068379,0.1338306641457728,0.04885126091762197,0.1338306641457728,0,
DRV00035,2024-05-01,0.0073355557,0,0.0005722334285605,0.0296152716930201,0.1551022142516769,0.048156318768314374,0.1551022142516769,0,
DRV00026,2024-09-01,0.0035328649,0,0.0016927019813178,0.032530565988805,0.1544583363897436,0.0480536173149666,0.1544583363897436,0,
DRV00020,2024-08-01,0.003828719,0,0.0020027928891689,0.0212931363678385,0.1640348504941431,0.04778987468778762,0.1640348504941431,0,
DRV00071,2024-05-01,0.0017034846,0,0.0005781290030979,0.0593313128744341,0.128852270452631,0.04761629923254075,0.128852270452631,0,
DRV00124,2024-06-01,0.007390201,0,0.003663840099844,0.0405306585345098,0.1379035940339175,0.047372073417067825,0.1379035940339175,0,
DRV00023,2024-09-01,0.0048242332,0,0.0060279687524562,0.0511963413643012,0.124752361231918,0.04670022613716885,0.124752361231918,0,
DRV00128,2024-06-01,0.0016536972,0,0.001928153739132,0.0662505475663282,0.1156941076410869,0.04638162653663677,0.1156941076410869,0,
DRV00077,2024-09-01,0.0067761056,0,0.0010656254070911,0.0562219646495789,0.1193849394744994,0.045862158782792345,0.1193849394744994,0,
DRV00120,2024-08-01,0.0015460801,0,0.0022443751545086,0.020921665777119,0.1580469562818409,0.04568976932836712,0.1580469562818409,0,
DRV00109,2024-09-01,0.010923445,0,0.0008843268049123,0.0531849799087947,0.1139477222160179,0.044735118482431224,0.1139477222160179,0,
DRV00009,2024-06-01,0.0048026755,0,0.0008107268908606,0.0204913029784427,0.1526226440632588,0.04468183735814052,0.1526226440632588,0,
DRV00030,2024-09-01,0.0005845577,0,0.0011227059992998,0.0454067561372303,0.1312318193652385,0.04458645980044215,0.1312318193652385,0,
DRV00113,2024-09-01,0.0041265427,0,0.0027469031696462,0.0517259757224609,0.1193550854774382,0.044488626767386324,0.1193550854774382,0,
DRV00029,2024-09-01,0.0039605354,0,0.0013476167614353,0.0407365009237407,0.13146145079871,0.0443765259709715,0.13146145079871,0,
DRV00128,2024-09-01,0.0057622814,0,0.0016904034377838,0.0521489166058081,0.1154287456306904,0.043757586768570576,0.1154287456306904,0,
DRV00085,2024-07-01,0.0032995653,0,0.002517392055726,0.0295976818378467,0.1366839474261056,0.04302464665491958,0.1366839474261056,0,
DRV00127,2024-04-01,0.0033207955,0,0.0016303638011623,0.0358454809599947,0.1221018798690936,0.04072463003256265,0.1221018798690936,0,
DRV00069,2024-09-01,0.016783232,0,0.0046065794413148,0.0334092751914374,0.1076498174910549,0.04061222603095178,0.1076498174910549,0,
